Dataset,Evaluation metric,Metric value
WaveGlove-multi,Accuracy,0.9194029850746268
WaveGlove-multi,Accuracy,0.9164179104477612
WaveGlove-multi,Accuracy,0.9134328358208955
WaveGlove-multi,Accuracy,0.9223880597014925
WaveGlove-multi,Accuracy,0.918407960199005
WaveGlove-multi,Accuracy,0.9243781094527364
WaveGlove-multi,Accuracy,0.8985074626865671
WaveGlove-multi,Accuracy,0.9213930348258706
WaveGlove-multi,Accuracy,0.909452736318408
WaveGlove-multi,Accuracy,0.9114427860696518
WaveGlove-multi,Accuracy,0.9124378109452737
WaveGlove-multi,Accuracy,0.9044776119402985
WaveGlove-multi,Accuracy,0.9283582089552239
WaveGlove-multi,Accuracy,0.9243781094527364
WaveGlove-multi,Accuracy,0.9194029850746268
WaveGlove-multi,Accuracy,0.9194029850746268
WaveGlove-multi,Accuracy,0.9054726368159204
WaveGlove-multi,Accuracy,0.9154228855721394
WaveGlove-multi,Accuracy,0.918407960199005
WaveGlove-multi,Accuracy,0.9243781094527364
WaveGlove-multi,Accuracy,0.9144278606965174
WaveGlove-multi,Accuracy,0.9144278606965174
WaveGlove-multi,Accuracy,0.9174129353233831
WaveGlove-multi,Accuracy,0.9253731343283582
WaveGlove-multi,Accuracy,0.9253731343283582
WaveGlove-multi,Accuracy,0.9174129353233831
WaveGlove-multi,Accuracy,0.909452736318408
WaveGlove-multi,Accuracy,0.9064676616915422
WaveGlove-multi,Accuracy,0.9203980099502488
WaveGlove-multi,Accuracy,0.9233830845771144
WaveGlove-multi,Accuracy,0.9203980099502488
WaveGlove-multi,Accuracy,0.9263681592039801
WaveGlove-multi,Accuracy,0.9124378109452737
WaveGlove-multi,Accuracy,0.909452736318408
WaveGlove-multi,Accuracy,0.9273631840796019
WaveGlove-multi,Accuracy,0.9243781094527364
WaveGlove-multi,Accuracy,0.9233830845771144
WaveGlove-multi,Accuracy,0.9293532338308458
WaveGlove-multi,Accuracy,0.936318407960199
WaveGlove-multi,Accuracy,0.9353233830845771
WaveGlove-multi,Accuracy,0.9213930348258706
WaveGlove-multi,Accuracy,0.9174129353233831
WaveGlove-multi,Accuracy,0.9164179104477612
WaveGlove-multi,Accuracy,0.9014925373134328
WaveGlove-multi,Accuracy,0.9223880597014925
WaveGlove-multi,Accuracy,0.909452736318408
WaveGlove-multi,Accuracy,0.9194029850746268
WaveGlove-multi,Accuracy,0.9233830845771144
WaveGlove-multi,Accuracy,0.9223880597014925
WaveGlove-multi,Accuracy,0.8965174129353234
WaveGlove-multi,Accuracy,0.918407960199005
WaveGlove-multi,Accuracy,0.9104477611940298
WaveGlove-multi,Accuracy,0.9194029850746268
WaveGlove-multi,Accuracy,0.9114427860696518
WaveGlove-multi,Accuracy,0.909452736318408
WaveGlove-multi,Accuracy,0.9283582089552239
WaveGlove-multi,Accuracy,0.9263681592039801
WaveGlove-multi,Accuracy,0.9024875621890547
WaveGlove-multi,Accuracy,0.9203980099502488
WaveGlove-multi,Accuracy,0.9223880597014925
WaveGlove-multi,Accuracy,0.9243781094527364
WaveGlove-multi,Accuracy,0.9034825870646767
WaveGlove-multi,Accuracy,0.9263681592039801
WaveGlove-multi,Accuracy,0.9044776119402985
WaveGlove-multi,Accuracy,0.9074626865671642
WaveGlove-multi,Accuracy,0.9383084577114428
WaveGlove-multi,Accuracy,0.9174129353233831
WaveGlove-multi,Accuracy,0.9303482587064676
WaveGlove-multi,Accuracy,0.9203980099502488
WaveGlove-multi,Accuracy,0.909452736318408
WaveGlove-multi,Accuracy,0.918407960199005
WaveGlove-multi,Accuracy,0.9194029850746268
WaveGlove-multi,Accuracy,0.9084577114427861
WaveGlove-multi,Accuracy,0.9203980099502488
WaveGlove-multi,Accuracy,0.8995024875621891
WaveGlove-multi,Accuracy,0.9154228855721394
WaveGlove-multi,Accuracy,0.9074626865671642
WaveGlove-multi,Accuracy,0.9024875621890547
WaveGlove-multi,Accuracy,0.9174129353233831
WaveGlove-multi,Accuracy,0.9174129353233831
WaveGlove-multi,Accuracy,0.9253731343283582
WaveGlove-multi,Accuracy,0.9223880597014925
WaveGlove-multi,Accuracy,0.9174129353233831
WaveGlove-multi,Accuracy,0.918407960199005
WaveGlove-multi,Accuracy,0.9014925373134328
WaveGlove-multi,Accuracy,0.918407960199005
WaveGlove-multi,Accuracy,0.9194029850746268
WaveGlove-multi,Accuracy,0.9154228855721394
WaveGlove-multi,Accuracy,0.9104477611940298
WaveGlove-multi,Accuracy,0.936318407960199
WaveGlove-multi,Accuracy,0.9213930348258706
WaveGlove-multi,Accuracy,0.9074626865671642
WaveGlove-multi,Accuracy,0.9124378109452737
WaveGlove-multi,Accuracy,0.9194029850746268
WaveGlove-multi,Accuracy,0.9194029850746268
WaveGlove-multi,Accuracy,0.9164179104477612
WaveGlove-multi,Accuracy,0.9054726368159204
WaveGlove-multi,Accuracy,0.9243781094527364
WaveGlove-multi,Accuracy,0.9134328358208955
WaveGlove-multi,Accuracy,0.9074626865671642
WaveGlove-multi,Recall,0.9387060387281724
WaveGlove-multi,Recall,0.9336641612557695
WaveGlove-multi,Recall,0.9304962258682388
WaveGlove-multi,Recall,0.9403693502109416
WaveGlove-multi,Recall,0.9370553110599142
WaveGlove-multi,Recall,0.9398041776013824
WaveGlove-multi,Recall,0.9177097967186364
WaveGlove-multi,Recall,0.9342882457870918
WaveGlove-multi,Recall,0.931640614434264
WaveGlove-multi,Recall,0.9287485157464951
WaveGlove-multi,Recall,0.923450163772955
WaveGlove-multi,Recall,0.9222880254178546
WaveGlove-multi,Recall,0.942544814097884
WaveGlove-multi,Recall,0.9356298742073247
WaveGlove-multi,Recall,0.9330680923196802
WaveGlove-multi,Recall,0.9334577411585623
WaveGlove-multi,Recall,0.927632995323771
WaveGlove-multi,Recall,0.9340788555695876
WaveGlove-multi,Recall,0.9346210142027023
WaveGlove-multi,Recall,0.9392183435247419
WaveGlove-multi,Recall,0.9287972628521243
WaveGlove-multi,Recall,0.923809477372648
WaveGlove-multi,Recall,0.9328903701510608
WaveGlove-multi,Recall,0.9440541162080944
WaveGlove-multi,Recall,0.9373943643760303
WaveGlove-multi,Recall,0.93446905865659
WaveGlove-multi,Recall,0.9258278650852916
WaveGlove-multi,Recall,0.9295887471418115
WaveGlove-multi,Recall,0.9311155338383009
WaveGlove-multi,Recall,0.94028640019169
WaveGlove-multi,Recall,0.9382994130714003
WaveGlove-multi,Recall,0.944761105710273
WaveGlove-multi,Recall,0.9242548866379207
WaveGlove-multi,Recall,0.928030455634196
WaveGlove-multi,Recall,0.9470352090539257
WaveGlove-multi,Recall,0.9401173670251489
WaveGlove-multi,Recall,0.9381504514112721
WaveGlove-multi,Recall,0.9419211600322988
WaveGlove-multi,Recall,0.9534268764065654
WaveGlove-multi,Recall,0.9504924923632906
WaveGlove-multi,Recall,0.9357308578227617
WaveGlove-multi,Recall,0.9355703096215998
WaveGlove-multi,Recall,0.9327443505321285
WaveGlove-multi,Recall,0.915424447417749
WaveGlove-multi,Recall,0.9381426151161638
WaveGlove-multi,Recall,0.9237899695726697
WaveGlove-multi,Recall,0.9355451590253956
WaveGlove-multi,Recall,0.9391546233118512
WaveGlove-multi,Recall,0.9366712865823543
WaveGlove-multi,Recall,0.9182676415258887
WaveGlove-multi,Recall,0.9360833853883009
WaveGlove-multi,Recall,0.9353189632842315
WaveGlove-multi,Recall,0.9344463816662759
WaveGlove-multi,Recall,0.9284709481043574
WaveGlove-multi,Recall,0.9343061001322055
WaveGlove-multi,Recall,0.9393679461065148
WaveGlove-multi,Recall,0.9453007137405983
WaveGlove-multi,Recall,0.9209349698205685
WaveGlove-multi,Recall,0.9358240319595797
WaveGlove-multi,Recall,0.9404473222244308
WaveGlove-multi,Recall,0.9395300522253134
WaveGlove-multi,Recall,0.9212648086259487
WaveGlove-multi,Recall,0.9400165022157375
WaveGlove-multi,Recall,0.9235863313582342
WaveGlove-multi,Recall,0.9276571488541948
WaveGlove-multi,Recall,0.9526381225791812
WaveGlove-multi,Recall,0.9344000988719086
WaveGlove-multi,Recall,0.9385616595424936
WaveGlove-multi,Recall,0.9342396941403286
WaveGlove-multi,Recall,0.9251478519913484
WaveGlove-multi,Recall,0.9331022068456325
WaveGlove-multi,Recall,0.9359431980035052
WaveGlove-multi,Recall,0.9259434641753153
WaveGlove-multi,Recall,0.9409995263110428
WaveGlove-multi,Recall,0.9224927448997786
WaveGlove-multi,Recall,0.9332738373517444
WaveGlove-multi,Recall,0.9304188260781941
WaveGlove-multi,Recall,0.9158979835424049
WaveGlove-multi,Recall,0.9337531387662207
WaveGlove-multi,Recall,0.9364669062754004
WaveGlove-multi,Recall,0.9369899929932864
WaveGlove-multi,Recall,0.933138688067951
WaveGlove-multi,Recall,0.9353751659116206
WaveGlove-multi,Recall,0.9345919534938222
WaveGlove-multi,Recall,0.9192047656076799
WaveGlove-multi,Recall,0.9397320449990019
WaveGlove-multi,Recall,0.9271924145130513
WaveGlove-multi,Recall,0.9355599407245215
WaveGlove-multi,Recall,0.9283263732423165
WaveGlove-multi,Recall,0.9480889210847334
WaveGlove-multi,Recall,0.9369914818431385
WaveGlove-multi,Recall,0.9279721718115983
WaveGlove-multi,Recall,0.9356993775231277
WaveGlove-multi,Recall,0.9339640993481726
WaveGlove-multi,Recall,0.9388497670803608
WaveGlove-multi,Recall,0.9364751476924293
WaveGlove-multi,Recall,0.9290439546983816
WaveGlove-multi,Recall,0.9415800083865221
WaveGlove-multi,Recall,0.9312849016005212
WaveGlove-multi,Recall,0.9248772324910024
WaveGlove-multi,Macro F1 score,0.9271850044880783
WaveGlove-multi,Macro F1 score,0.9221324912033059
WaveGlove-multi,Macro F1 score,0.9205361189094965
WaveGlove-multi,Macro F1 score,0.9271652815858108
WaveGlove-multi,Macro F1 score,0.9262957795755157
WaveGlove-multi,Macro F1 score,0.9276029508189034
WaveGlove-multi,Macro F1 score,0.9057760056306936
WaveGlove-multi,Macro F1 score,0.9240449956348011
WaveGlove-multi,Macro F1 score,0.9210993832553839
WaveGlove-multi,Macro F1 score,0.9176200327515154
WaveGlove-multi,Macro F1 score,0.9161674497701339
WaveGlove-multi,Macro F1 score,0.9102551302848233
WaveGlove-multi,Macro F1 score,0.932992180994317
WaveGlove-multi,Macro F1 score,0.9262915891000373
WaveGlove-multi,Macro F1 score,0.9215873413983643
WaveGlove-multi,Macro F1 score,0.927628107226906
WaveGlove-multi,Macro F1 score,0.9148534057616586
WaveGlove-multi,Macro F1 score,0.9201627431229947
WaveGlove-multi,Macro F1 score,0.9256484577733297
WaveGlove-multi,Macro F1 score,0.9289895205412827
WaveGlove-multi,Macro F1 score,0.9200458250586553
WaveGlove-multi,Macro F1 score,0.9151963508177675
WaveGlove-multi,Macro F1 score,0.9229858020590158
WaveGlove-multi,Macro F1 score,0.9302681353481255
WaveGlove-multi,Macro F1 score,0.929728287214142
WaveGlove-multi,Macro F1 score,0.9235152583646211
WaveGlove-multi,Macro F1 score,0.9151031242958882
WaveGlove-multi,Macro F1 score,0.9185461401064496
WaveGlove-multi,Macro F1 score,0.9233418087922818
WaveGlove-multi,Macro F1 score,0.9296047483914207
WaveGlove-multi,Macro F1 score,0.9296337027704896
WaveGlove-multi,Macro F1 score,0.9315773909571995
WaveGlove-multi,Macro F1 score,0.9172162605212093
WaveGlove-multi,Macro F1 score,0.9171769923131907
WaveGlove-multi,Macro F1 score,0.9373342434554552
WaveGlove-multi,Macro F1 score,0.9297231098593998
WaveGlove-multi,Macro F1 score,0.9290315890987706
WaveGlove-multi,Macro F1 score,0.9336984580505838
WaveGlove-multi,Macro F1 score,0.9411813062388531
WaveGlove-multi,Macro F1 score,0.9397586482337101
WaveGlove-multi,Macro F1 score,0.9249916942021873
WaveGlove-multi,Macro F1 score,0.9256080293337177
WaveGlove-multi,Macro F1 score,0.9243112410237116
WaveGlove-multi,Macro F1 score,0.9086846341684919
WaveGlove-multi,Macro F1 score,0.927641506334077
WaveGlove-multi,Macro F1 score,0.9161345459822688
WaveGlove-multi,Macro F1 score,0.923824959409411
WaveGlove-multi,Macro F1 score,0.9274754692549113
WaveGlove-multi,Macro F1 score,0.9243791219482266
WaveGlove-multi,Macro F1 score,0.9033844313339362
WaveGlove-multi,Macro F1 score,0.9256192051506468
WaveGlove-multi,Macro F1 score,0.9222170817935574
WaveGlove-multi,Macro F1 score,0.9248660695161466
WaveGlove-multi,Macro F1 score,0.9202144252037452
WaveGlove-multi,Macro F1 score,0.921244122903598
WaveGlove-multi,Macro F1 score,0.9303831072291525
WaveGlove-multi,Macro F1 score,0.9317677540727989
WaveGlove-multi,Macro F1 score,0.9107702725529656
WaveGlove-multi,Macro F1 score,0.927407492901537
WaveGlove-multi,Macro F1 score,0.9312271106986576
WaveGlove-multi,Macro F1 score,0.9286607884253271
WaveGlove-multi,Macro F1 score,0.9101004227815036
WaveGlove-multi,Macro F1 score,0.9313624387457025
WaveGlove-multi,Macro F1 score,0.9098625132870812
WaveGlove-multi,Macro F1 score,0.9147154560122893
WaveGlove-multi,Macro F1 score,0.9436839712150864
WaveGlove-multi,Macro F1 score,0.9234565015354128
WaveGlove-multi,Macro F1 score,0.9326317553105331
WaveGlove-multi,Macro F1 score,0.9275634699066294
WaveGlove-multi,Macro F1 score,0.9164661122453126
WaveGlove-multi,Macro F1 score,0.9247833493031968
WaveGlove-multi,Macro F1 score,0.926497838101746
WaveGlove-multi,Macro F1 score,0.9152907051984578
WaveGlove-multi,Macro F1 score,0.9305303605566974
WaveGlove-multi,Macro F1 score,0.9074729227571035
WaveGlove-multi,Macro F1 score,0.9187496261553446
WaveGlove-multi,Macro F1 score,0.9180192154157467
WaveGlove-multi,Macro F1 score,0.9059258660935754
WaveGlove-multi,Macro F1 score,0.9186578135595824
WaveGlove-multi,Macro F1 score,0.9265051916034267
WaveGlove-multi,Macro F1 score,0.9277752630307188
WaveGlove-multi,Macro F1 score,0.9247796860661026
WaveGlove-multi,Macro F1 score,0.9272614794265043
WaveGlove-multi,Macro F1 score,0.9232844683608564
WaveGlove-multi,Macro F1 score,0.906346371295464
WaveGlove-multi,Macro F1 score,0.9257038815402427
WaveGlove-multi,Macro F1 score,0.9206912915482963
WaveGlove-multi,Macro F1 score,0.9255738601339427
WaveGlove-multi,Macro F1 score,0.9179382292099024
WaveGlove-multi,Macro F1 score,0.9401260645393826
WaveGlove-multi,Macro F1 score,0.9224170914414767
WaveGlove-multi,Macro F1 score,0.9150004297417016
WaveGlove-multi,Macro F1 score,0.9247255741698154
WaveGlove-multi,Macro F1 score,0.9264604058823834
WaveGlove-multi,Macro F1 score,0.9272789532614545
WaveGlove-multi,Macro F1 score,0.9254810630226956
WaveGlove-multi,Macro F1 score,0.9145145717320161
WaveGlove-multi,Macro F1 score,0.931207826631432
WaveGlove-multi,Macro F1 score,0.91920660576181
WaveGlove-multi,Macro F1 score,0.9146772408910908
WaveGlove-single,Accuracy,0.7281553398058253
WaveGlove-single,Accuracy,0.7475728155339806
WaveGlove-single,Accuracy,0.6893203883495146
WaveGlove-single,Accuracy,0.8058252427184466
WaveGlove-single,Accuracy,0.7961165048543689
WaveGlove-single,Accuracy,0.8543689320388349
WaveGlove-single,Accuracy,0.8252427184466019
WaveGlove-single,Accuracy,0.7961165048543689
WaveGlove-single,Accuracy,0.7572815533980582
WaveGlove-single,Accuracy,0.7669902912621359
WaveGlove-single,Accuracy,0.8349514563106796
WaveGlove-single,Accuracy,0.7475728155339806
WaveGlove-single,Accuracy,0.6990291262135923
WaveGlove-single,Accuracy,0.7669902912621359
WaveGlove-single,Accuracy,0.7378640776699029
WaveGlove-single,Accuracy,0.6893203883495146
WaveGlove-single,Accuracy,0.7475728155339806
WaveGlove-single,Accuracy,0.7378640776699029
WaveGlove-single,Accuracy,0.7184466019417476
WaveGlove-single,Accuracy,0.7572815533980582
WaveGlove-single,Accuracy,0.7766990291262136
WaveGlove-single,Accuracy,0.8155339805825242
WaveGlove-single,Accuracy,0.6893203883495146
WaveGlove-single,Accuracy,0.6990291262135923
WaveGlove-single,Accuracy,0.7087378640776699
WaveGlove-single,Accuracy,0.7281553398058253
WaveGlove-single,Accuracy,0.7961165048543689
WaveGlove-single,Accuracy,0.7766990291262136
WaveGlove-single,Accuracy,0.7281553398058253
WaveGlove-single,Accuracy,0.7378640776699029
WaveGlove-single,Accuracy,0.7669902912621359
WaveGlove-single,Accuracy,0.7864077669902912
WaveGlove-single,Accuracy,0.7766990291262136
WaveGlove-single,Accuracy,0.7378640776699029
WaveGlove-single,Accuracy,0.7475728155339806
WaveGlove-single,Accuracy,0.7281553398058253
WaveGlove-single,Accuracy,0.7961165048543689
WaveGlove-single,Accuracy,0.7378640776699029
WaveGlove-single,Accuracy,0.7766990291262136
WaveGlove-single,Accuracy,0.7864077669902912
WaveGlove-single,Accuracy,0.7669902912621359
WaveGlove-single,Accuracy,0.7281553398058253
WaveGlove-single,Accuracy,0.7475728155339806
WaveGlove-single,Accuracy,0.6796116504854369
WaveGlove-single,Accuracy,0.8058252427184466
WaveGlove-single,Accuracy,0.8155339805825242
WaveGlove-single,Accuracy,0.7184466019417476
WaveGlove-single,Accuracy,0.8349514563106796
WaveGlove-single,Accuracy,0.7669902912621359
WaveGlove-single,Accuracy,0.7864077669902912
WaveGlove-single,Accuracy,0.7961165048543689
WaveGlove-single,Accuracy,0.7475728155339806
WaveGlove-single,Accuracy,0.7766990291262136
WaveGlove-single,Accuracy,0.7475728155339806
WaveGlove-single,Accuracy,0.7475728155339806
WaveGlove-single,Accuracy,0.6990291262135923
WaveGlove-single,Accuracy,0.8155339805825242
WaveGlove-single,Accuracy,0.7864077669902912
WaveGlove-single,Accuracy,0.6796116504854369
WaveGlove-single,Accuracy,0.7961165048543689
WaveGlove-single,Accuracy,0.8058252427184466
WaveGlove-single,Accuracy,0.7475728155339806
WaveGlove-single,Accuracy,0.7766990291262136
WaveGlove-single,Accuracy,0.7475728155339806
WaveGlove-single,Accuracy,0.7961165048543689
WaveGlove-single,Accuracy,0.7766990291262136
WaveGlove-single,Accuracy,0.7281553398058253
WaveGlove-single,Accuracy,0.7184466019417476
WaveGlove-single,Accuracy,0.7378640776699029
WaveGlove-single,Accuracy,0.7475728155339806
WaveGlove-single,Accuracy,0.7961165048543689
WaveGlove-single,Accuracy,0.7864077669902912
WaveGlove-single,Accuracy,0.8155339805825242
WaveGlove-single,Accuracy,0.7864077669902912
WaveGlove-single,Accuracy,0.8252427184466019
WaveGlove-single,Accuracy,0.7087378640776699
WaveGlove-single,Accuracy,0.8058252427184466
WaveGlove-single,Accuracy,0.7378640776699029
WaveGlove-single,Accuracy,0.7281553398058253
WaveGlove-single,Accuracy,0.7087378640776699
WaveGlove-single,Accuracy,0.7669902912621359
WaveGlove-single,Accuracy,0.7475728155339806
WaveGlove-single,Accuracy,0.7961165048543689
WaveGlove-single,Accuracy,0.8155339805825242
WaveGlove-single,Accuracy,0.7669902912621359
WaveGlove-single,Accuracy,0.7669902912621359
WaveGlove-single,Accuracy,0.8252427184466019
WaveGlove-single,Accuracy,0.7475728155339806
WaveGlove-single,Accuracy,0.7766990291262136
WaveGlove-single,Accuracy,0.7572815533980582
WaveGlove-single,Accuracy,0.7766990291262136
WaveGlove-single,Accuracy,0.8543689320388349
WaveGlove-single,Accuracy,0.7669902912621359
WaveGlove-single,Accuracy,0.7281553398058253
WaveGlove-single,Accuracy,0.8058252427184466
WaveGlove-single,Accuracy,0.7475728155339806
WaveGlove-single,Accuracy,0.7184466019417476
WaveGlove-single,Accuracy,0.7766990291262136
WaveGlove-single,Accuracy,0.8058252427184466
WaveGlove-single,Accuracy,0.6796116504854369
WaveGlove-single,Recall,0.74874069285834
WaveGlove-single,Recall,0.7518237934904602
WaveGlove-single,Recall,0.6739737423070756
WaveGlove-single,Recall,0.8374449624449624
WaveGlove-single,Recall,0.7884270050936717
WaveGlove-single,Recall,0.8560060310060309
WaveGlove-single,Recall,0.7796764963431629
WaveGlove-single,Recall,0.7772397355730689
WaveGlove-single,Recall,0.7712078045411379
WaveGlove-single,Recall,0.7551867885201219
WaveGlove-single,Recall,0.8271836188502856
WaveGlove-single,Recall,0.7495929995929996
WaveGlove-single,Recall,0.7215506715506715
WaveGlove-single,Recall,0.7641284641284642
WaveGlove-single,Recall,0.7475407671486103
WaveGlove-single,Recall,0.6762866762866763
WaveGlove-single,Recall,0.7345528110233992
WaveGlove-single,Recall,0.7108440941774274
WaveGlove-single,Recall,0.7164640914640914
WaveGlove-single,Recall,0.7485913052089523
WaveGlove-single,Recall,0.77667949334616
WaveGlove-single,Recall,0.7774702415507013
WaveGlove-single,Recall,0.6871794871794872
WaveGlove-single,Recall,0.7073343323343324
WaveGlove-single,Recall,0.6899337862573156
WaveGlove-single,Recall,0.7561817000413492
WaveGlove-single,Recall,0.8238576238576238
WaveGlove-single,Recall,0.7778795278795279
WaveGlove-single,Recall,0.7270930775832736
WaveGlove-single,Recall,0.7594719369229174
WaveGlove-single,Recall,0.7600949975949977
WaveGlove-single,Recall,0.8004239587572921
WaveGlove-single,Recall,0.7808751161692338
WaveGlove-single,Recall,0.7166185666185666
WaveGlove-single,Recall,0.7637075887075887
WaveGlove-single,Recall,0.7100107353730543
WaveGlove-single,Recall,0.822092722092722
WaveGlove-single,Recall,0.7358841775508442
WaveGlove-single,Recall,0.7614268447601781
WaveGlove-single,Recall,0.8092046842046842
WaveGlove-single,Recall,0.7580653913987248
WaveGlove-single,Recall,0.7343092763382618
WaveGlove-single,Recall,0.7520202020202019
WaveGlove-single,Recall,0.6789469789469789
WaveGlove-single,Recall,0.8010501843835177
WaveGlove-single,Recall,0.8127993986689639
WaveGlove-single,Recall,0.7061466311466311
WaveGlove-single,Recall,0.8471139971139973
WaveGlove-single,Recall,0.7396011396011396
WaveGlove-single,Recall,0.786984036770908
WaveGlove-single,Recall,0.8068290762735206
WaveGlove-single,Recall,0.7535951702618369
WaveGlove-single,Recall,0.7744554827888162
WaveGlove-single,Recall,0.7434482184482185
WaveGlove-single,Recall,0.73988603988604
WaveGlove-single,Recall,0.7041522889348976
WaveGlove-single,Recall,0.8428543134425488
WaveGlove-single,Recall,0.7873940873940874
WaveGlove-single,Recall,0.6798255484529994
WaveGlove-single,Recall,0.819028194028194
WaveGlove-single,Recall,0.7731462981462981
WaveGlove-single,Recall,0.7475143592790652
WaveGlove-single,Recall,0.7629729838063172
WaveGlove-single,Recall,0.7526094276094276
WaveGlove-single,Recall,0.8022349564016231
WaveGlove-single,Recall,0.7938271604938272
WaveGlove-single,Recall,0.7387717221050555
WaveGlove-single,Recall,0.6948156781490115
WaveGlove-single,Recall,0.711348979537834
WaveGlove-single,Recall,0.7551838258359997
WaveGlove-single,Recall,0.774473493100944
WaveGlove-single,Recall,0.748338081671415
WaveGlove-single,Recall,0.8045750545750546
WaveGlove-single,Recall,0.7839872151466354
WaveGlove-single,Recall,0.8221116392685021
WaveGlove-single,Recall,0.7081523414856749
WaveGlove-single,Recall,0.80993265993266
WaveGlove-single,Recall,0.7334508657264076
WaveGlove-single,Recall,0.7076355340848095
WaveGlove-single,Recall,0.7103896103896105
WaveGlove-single,Recall,0.7802050164795262
WaveGlove-single,Recall,0.6925983602454191
WaveGlove-single,Recall,0.774669573582617
WaveGlove-single,Recall,0.8454860317605415
WaveGlove-single,Recall,0.7494825223086093
WaveGlove-single,Recall,0.7597659783934294
WaveGlove-single,Recall,0.8253442545109211
WaveGlove-single,Recall,0.7557373182373183
WaveGlove-single,Recall,0.769610636277303
WaveGlove-single,Recall,0.7481805231805232
WaveGlove-single,Recall,0.7512065419960157
WaveGlove-single,Recall,0.8886163219496552
WaveGlove-single,Recall,0.79339117672451
WaveGlove-single,Recall,0.7264513264513266
WaveGlove-single,Recall,0.8158323158323159
WaveGlove-single,Recall,0.7594556677890012
WaveGlove-single,Recall,0.71996336996337
WaveGlove-single,Recall,0.7889095472428804
WaveGlove-single,Recall,0.8012942612942613
WaveGlove-single,Recall,0.6631115072291542
WaveGlove-single,Macro F1 score,0.730866138010605
WaveGlove-single,Macro F1 score,0.7486490520973281
WaveGlove-single,Macro F1 score,0.6742433468776179
WaveGlove-single,Macro F1 score,0.805931376164023
WaveGlove-single,Macro F1 score,0.7863878819548042
WaveGlove-single,Macro F1 score,0.8549429437664732
WaveGlove-single,Macro F1 score,0.7883018300355762
WaveGlove-single,Macro F1 score,0.7674032986053446
WaveGlove-single,Macro F1 score,0.7676354415756214
WaveGlove-single,Macro F1 score,0.7635889938521516
WaveGlove-single,Macro F1 score,0.8202608691657584
WaveGlove-single,Macro F1 score,0.745983035983036
WaveGlove-single,Macro F1 score,0.6917548097296381
WaveGlove-single,Macro F1 score,0.7547578401035574
WaveGlove-single,Macro F1 score,0.7332118745872652
WaveGlove-single,Macro F1 score,0.6715601359653772
WaveGlove-single,Macro F1 score,0.7225243386976612
WaveGlove-single,Macro F1 score,0.7192748771696141
WaveGlove-single,Macro F1 score,0.7043760885791367
WaveGlove-single,Macro F1 score,0.7585141376403922
WaveGlove-single,Macro F1 score,0.7730196105196105
WaveGlove-single,Macro F1 score,0.768723920765663
WaveGlove-single,Macro F1 score,0.6856415082502039
WaveGlove-single,Macro F1 score,0.6981382167140681
WaveGlove-single,Macro F1 score,0.6953627758967025
WaveGlove-single,Macro F1 score,0.7200227500227501
WaveGlove-single,Macro F1 score,0.7980062193684483
WaveGlove-single,Macro F1 score,0.7616558707557944
WaveGlove-single,Macro F1 score,0.7297509397702596
WaveGlove-single,Macro F1 score,0.7553319253369962
WaveGlove-single,Macro F1 score,0.7564910486136165
WaveGlove-single,Macro F1 score,0.7970744841072485
WaveGlove-single,Macro F1 score,0.7816332119145418
WaveGlove-single,Macro F1 score,0.7212198541570358
WaveGlove-single,Macro F1 score,0.7612313612313613
WaveGlove-single,Macro F1 score,0.6971997615960465
WaveGlove-single,Macro F1 score,0.8033498458087166
WaveGlove-single,Macro F1 score,0.7237299376829053
WaveGlove-single,Macro F1 score,0.7698369769363684
WaveGlove-single,Macro F1 score,0.7897681928308884
WaveGlove-single,Macro F1 score,0.768539499068507
WaveGlove-single,Macro F1 score,0.7288339684624514
WaveGlove-single,Macro F1 score,0.733164272466873
WaveGlove-single,Macro F1 score,0.6732738266655864
WaveGlove-single,Macro F1 score,0.8070985472027533
WaveGlove-single,Macro F1 score,0.8131027989723641
WaveGlove-single,Macro F1 score,0.6945091945091945
WaveGlove-single,Macro F1 score,0.8174501424501425
WaveGlove-single,Macro F1 score,0.7485386337071949
WaveGlove-single,Macro F1 score,0.7733378010702489
WaveGlove-single,Macro F1 score,0.7939183900510558
WaveGlove-single,Macro F1 score,0.7469837626117073
WaveGlove-single,Macro F1 score,0.7702935062370235
WaveGlove-single,Macro F1 score,0.7415143880617027
WaveGlove-single,Macro F1 score,0.7366244866244865
WaveGlove-single,Macro F1 score,0.6917988283029763
WaveGlove-single,Macro F1 score,0.8208255462621743
WaveGlove-single,Macro F1 score,0.7805476891184038
WaveGlove-single,Macro F1 score,0.6738057886624195
WaveGlove-single,Macro F1 score,0.7790652557319224
WaveGlove-single,Macro F1 score,0.7724475085265279
WaveGlove-single,Macro F1 score,0.7362002544839856
WaveGlove-single,Macro F1 score,0.762086632472028
WaveGlove-single,Macro F1 score,0.7484497498386388
WaveGlove-single,Macro F1 score,0.7906030991619727
WaveGlove-single,Macro F1 score,0.7775025975931465
WaveGlove-single,Macro F1 score,0.7324098708309235
WaveGlove-single,Macro F1 score,0.686657710105986
WaveGlove-single,Macro F1 score,0.7088890775165285
WaveGlove-single,Macro F1 score,0.7404362921029589
WaveGlove-single,Macro F1 score,0.7607292105010157
WaveGlove-single,Macro F1 score,0.7610294643627977
WaveGlove-single,Macro F1 score,0.7987718691523642
WaveGlove-single,Macro F1 score,0.7818158272248873
WaveGlove-single,Macro F1 score,0.804122198078316
WaveGlove-single,Macro F1 score,0.6895935163379491
WaveGlove-single,Macro F1 score,0.7895666062332728
WaveGlove-single,Macro F1 score,0.7401556444040105
WaveGlove-single,Macro F1 score,0.6962979343784297
WaveGlove-single,Macro F1 score,0.6979035218357469
WaveGlove-single,Macro F1 score,0.7777801753466722
WaveGlove-single,Macro F1 score,0.6835988623779322
WaveGlove-single,Macro F1 score,0.7751227171972681
WaveGlove-single,Macro F1 score,0.8226971750363563
WaveGlove-single,Macro F1 score,0.7435576871759834
WaveGlove-single,Macro F1 score,0.7665391578804143
WaveGlove-single,Macro F1 score,0.8264451359136602
WaveGlove-single,Macro F1 score,0.7571924067893316
WaveGlove-single,Macro F1 score,0.7497715135436891
WaveGlove-single,Macro F1 score,0.7548853615520281
WaveGlove-single,Macro F1 score,0.7467235552487044
WaveGlove-single,Macro F1 score,0.8613929161221304
WaveGlove-single,Macro F1 score,0.7870781548200904
WaveGlove-single,Macro F1 score,0.7127045878380737
WaveGlove-single,Macro F1 score,0.7965363854252743
WaveGlove-single,Macro F1 score,0.7167968435040781
WaveGlove-single,Macro F1 score,0.7141601955863416
WaveGlove-single,Macro F1 score,0.7832815796498661
WaveGlove-single,Macro F1 score,0.7921210029905682
WaveGlove-single,Macro F1 score,0.6440080767969455
uWave,Accuracy,0.6919642857142857
uWave,Accuracy,0.7053571428571429
uWave,Accuracy,0.7276785714285714
uWave,Accuracy,0.7321428571428571
uWave,Accuracy,0.7075892857142857
uWave,Accuracy,0.7299107142857143
uWave,Accuracy,0.75
uWave,Accuracy,0.7455357142857143
uWave,Accuracy,0.7232142857142857
uWave,Accuracy,0.7455357142857143
uWave,Accuracy,0.7410714285714286
uWave,Accuracy,0.7075892857142857
uWave,Accuracy,0.7276785714285714
uWave,Accuracy,0.6986607142857143
uWave,Accuracy,0.7321428571428571
uWave,Accuracy,0.7008928571428571
uWave,Accuracy,0.7098214285714286
uWave,Accuracy,0.7053571428571429
uWave,Accuracy,0.6941964285714286
uWave,Accuracy,0.7075892857142857
uWave,Accuracy,0.71875
uWave,Accuracy,0.7232142857142857
uWave,Accuracy,0.6897321428571429
uWave,Accuracy,0.7142857142857143
uWave,Accuracy,0.703125
uWave,Accuracy,0.734375
uWave,Accuracy,0.7433035714285714
uWave,Accuracy,0.6941964285714286
uWave,Accuracy,0.7098214285714286
uWave,Accuracy,0.7544642857142857
uWave,Accuracy,0.6986607142857143
uWave,Accuracy,0.75
uWave,Accuracy,0.703125
uWave,Accuracy,0.7120535714285714
uWave,Accuracy,0.7433035714285714
uWave,Accuracy,0.7366071428571429
uWave,Accuracy,0.703125
uWave,Accuracy,0.734375
uWave,Accuracy,0.7053571428571429
uWave,Accuracy,0.7098214285714286
uWave,Accuracy,0.7008928571428571
uWave,Accuracy,0.6941964285714286
uWave,Accuracy,0.6852678571428571
uWave,Accuracy,0.7477678571428571
uWave,Accuracy,0.7276785714285714
uWave,Accuracy,0.7008928571428571
uWave,Accuracy,0.7165178571428571
uWave,Accuracy,0.734375
uWave,Accuracy,0.7544642857142857
uWave,Accuracy,0.7120535714285714
uWave,Accuracy,0.7276785714285714
uWave,Accuracy,0.7098214285714286
uWave,Accuracy,0.7053571428571429
uWave,Accuracy,0.7165178571428571
uWave,Accuracy,0.7388392857142857
uWave,Accuracy,0.7008928571428571
uWave,Accuracy,0.6696428571428571
uWave,Accuracy,0.7075892857142857
uWave,Accuracy,0.7410714285714286
uWave,Accuracy,0.703125
uWave,Accuracy,0.7633928571428571
uWave,Accuracy,0.7321428571428571
uWave,Accuracy,0.71875
uWave,Accuracy,0.7544642857142857
uWave,Accuracy,0.7299107142857143
uWave,Accuracy,0.7388392857142857
uWave,Accuracy,0.7008928571428571
uWave,Accuracy,0.7544642857142857
uWave,Accuracy,0.7388392857142857
uWave,Accuracy,0.7120535714285714
uWave,Accuracy,0.7232142857142857
uWave,Accuracy,0.7209821428571429
uWave,Accuracy,0.6450892857142857
uWave,Accuracy,0.7321428571428571
uWave,Accuracy,0.7366071428571429
uWave,Accuracy,0.6897321428571429
uWave,Accuracy,0.7254464285714286
uWave,Accuracy,0.7433035714285714
uWave,Accuracy,0.7209821428571429
uWave,Accuracy,0.7075892857142857
uWave,Accuracy,0.7455357142857143
uWave,Accuracy,0.6919642857142857
uWave,Accuracy,0.7053571428571429
uWave,Accuracy,0.7008928571428571
uWave,Accuracy,0.7388392857142857
uWave,Accuracy,0.7433035714285714
uWave,Accuracy,0.6875
uWave,Accuracy,0.7477678571428571
uWave,Accuracy,0.7232142857142857
uWave,Accuracy,0.7232142857142857
uWave,Accuracy,0.734375
uWave,Accuracy,0.6830357142857143
uWave,Accuracy,0.7232142857142857
uWave,Accuracy,0.7321428571428571
uWave,Accuracy,0.7477678571428571
uWave,Accuracy,0.6964285714285714
uWave,Accuracy,0.71875
uWave,Accuracy,0.7299107142857143
uWave,Accuracy,0.6919642857142857
uWave,Accuracy,0.7053571428571429
uWave,Recall,0.6903321098070045
uWave,Recall,0.6961049446632406
uWave,Recall,0.7236487031055525
uWave,Recall,0.7315385193197645
uWave,Recall,0.7112287194270486
uWave,Recall,0.7352666976540232
uWave,Recall,0.7482718809587354
uWave,Recall,0.7505860720435322
uWave,Recall,0.7260335813404037
uWave,Recall,0.7369440609186759
uWave,Recall,0.736949203711554
uWave,Recall,0.7028599672430198
uWave,Recall,0.7222404228935266
uWave,Recall,0.7101733281931051
uWave,Recall,0.7281836349363086
uWave,Recall,0.7047217024971262
uWave,Recall,0.7111526448125914
uWave,Recall,0.7132671742840537
uWave,Recall,0.6961309630126536
uWave,Recall,0.7027381064572273
uWave,Recall,0.7171132092079997
uWave,Recall,0.7236266488326214
uWave,Recall,0.7017905489318095
uWave,Recall,0.7088611674142798
uWave,Recall,0.6923041233779101
uWave,Recall,0.7327595400858927
uWave,Recall,0.7457917369168264
uWave,Recall,0.6884172781431412
uWave,Recall,0.7065600721038088
uWave,Recall,0.7583449723956932
uWave,Recall,0.6926523699267801
uWave,Recall,0.7520364770414842
uWave,Recall,0.7001401940173301
uWave,Recall,0.7200897663496105
uWave,Recall,0.7390655341502114
uWave,Recall,0.7379594734957198
uWave,Recall,0.7036642350309946
uWave,Recall,0.7208580629149414
uWave,Recall,0.7158922407349815
uWave,Recall,0.7049722417895672
uWave,Recall,0.7133651499086797
uWave,Recall,0.6982047583430753
uWave,Recall,0.6971141532129645
uWave,Recall,0.7327377460447972
uWave,Recall,0.7284649455595897
uWave,Recall,0.70725242918669
uWave,Recall,0.7204177229045914
uWave,Recall,0.7316950550247965
uWave,Recall,0.7554049784978094
uWave,Recall,0.719935843243517
uWave,Recall,0.7312395148737462
uWave,Recall,0.7106262278630996
uWave,Recall,0.7050431978625596
uWave,Recall,0.7120163868109618
uWave,Recall,0.7433576480990274
uWave,Recall,0.6987802855080472
uWave,Recall,0.6689689831582246
uWave,Recall,0.7071891820709696
uWave,Recall,0.7448115406982706
uWave,Recall,0.7020525553281972
uWave,Recall,0.7608047185568817
uWave,Recall,0.7330361768457436
uWave,Recall,0.7132805851555851
uWave,Recall,0.7506406131915595
uWave,Recall,0.7368420371309181
uWave,Recall,0.7447960665346449
uWave,Recall,0.7021483969406301
uWave,Recall,0.7598387566231493
uWave,Recall,0.7454252519759227
uWave,Recall,0.7062556756230377
uWave,Recall,0.713182356346128
uWave,Recall,0.7116327153068258
uWave,Recall,0.650450059532073
uWave,Recall,0.7375941430134342
uWave,Recall,0.7463287555488296
uWave,Recall,0.6895560190577472
uWave,Recall,0.7273652498131203
uWave,Recall,0.7350588901460098
uWave,Recall,0.7276656061508278
uWave,Recall,0.7087042302881184
uWave,Recall,0.7416872652978621
uWave,Recall,0.6965984581048468
uWave,Recall,0.7101290110886728
uWave,Recall,0.7017410708356375
uWave,Recall,0.740576332332954
uWave,Recall,0.7417018388189696
uWave,Recall,0.6933993661121075
uWave,Recall,0.7481199204651348
uWave,Recall,0.7227192329900509
uWave,Recall,0.7237666947013343
uWave,Recall,0.7280567215767955
uWave,Recall,0.6909233238011605
uWave,Recall,0.7273285309787161
uWave,Recall,0.7321167527986406
uWave,Recall,0.7499227030663715
uWave,Recall,0.69960036353676
uWave,Recall,0.7232862113376819
uWave,Recall,0.7417277701999698
uWave,Recall,0.6763405130927563
uWave,Recall,0.7014224394218844
uWave,Macro F1 score,0.6803267275691112
uWave,Macro F1 score,0.6947245813934484
uWave,Macro F1 score,0.7218505853799403
uWave,Macro F1 score,0.7309232826159386
uWave,Macro F1 score,0.7092046889967852
uWave,Macro F1 score,0.7255327502816143
uWave,Macro F1 score,0.7414990467242288
uWave,Macro F1 score,0.7469712044291961
uWave,Macro F1 score,0.7257474750519787
uWave,Macro F1 score,0.734972333340234
uWave,Macro F1 score,0.7371352140071709
uWave,Macro F1 score,0.6951107763431585
uWave,Macro F1 score,0.7197066257178297
uWave,Macro F1 score,0.702052092807863
uWave,Macro F1 score,0.7253838062831973
uWave,Macro F1 score,0.6985881641610947
uWave,Macro F1 score,0.7076848094830261
uWave,Macro F1 score,0.7065895604298394
uWave,Macro F1 score,0.6930636846475636
uWave,Macro F1 score,0.6975106102813458
uWave,Macro F1 score,0.7161161726000208
uWave,Macro F1 score,0.7205522723708704
uWave,Macro F1 score,0.6894257952577718
uWave,Macro F1 score,0.708580336726359
uWave,Macro F1 score,0.6908364419410966
uWave,Macro F1 score,0.7308592195530151
uWave,Macro F1 score,0.744809750881599
uWave,Macro F1 score,0.6901003515618478
uWave,Macro F1 score,0.7061724692022514
uWave,Macro F1 score,0.7551912688074921
uWave,Macro F1 score,0.6915512360749819
uWave,Macro F1 score,0.748857407484985
uWave,Macro F1 score,0.6952654273051038
uWave,Macro F1 score,0.7149050050355813
uWave,Macro F1 score,0.734970080541216
uWave,Macro F1 score,0.7320749909551445
uWave,Macro F1 score,0.7048276030269501
uWave,Macro F1 score,0.719991345703181
uWave,Macro F1 score,0.7074682561484109
uWave,Macro F1 score,0.7031336523818363
uWave,Macro F1 score,0.6975537752520101
uWave,Macro F1 score,0.6933598593792168
uWave,Macro F1 score,0.6812733191305647
uWave,Macro F1 score,0.7330237669160269
uWave,Macro F1 score,0.7259564469484168
uWave,Macro F1 score,0.7059249800394429
uWave,Macro F1 score,0.7152647451312335
uWave,Macro F1 score,0.7317381317668683
uWave,Macro F1 score,0.7541316638802104
uWave,Macro F1 score,0.7112378857750136
uWave,Macro F1 score,0.728018031410735
uWave,Macro F1 score,0.7095354071651578
uWave,Macro F1 score,0.6993847555257102
uWave,Macro F1 score,0.7104123959302988
uWave,Macro F1 score,0.7372455605983115
uWave,Macro F1 score,0.69790689656354
uWave,Macro F1 score,0.6680047701639917
uWave,Macro F1 score,0.703712993509814
uWave,Macro F1 score,0.740099282995168
uWave,Macro F1 score,0.6979294058161278
uWave,Macro F1 score,0.7555933610634429
uWave,Macro F1 score,0.7269299733844592
uWave,Macro F1 score,0.7132456059270507
uWave,Macro F1 score,0.7526610479334226
uWave,Macro F1 score,0.7320239599186247
uWave,Macro F1 score,0.7372729957506001
uWave,Macro F1 score,0.6992486645468646
uWave,Macro F1 score,0.7532850109759331
uWave,Macro F1 score,0.737761319707575
uWave,Macro F1 score,0.7013834278152732
uWave,Macro F1 score,0.714143971344406
uWave,Macro F1 score,0.7073707417636597
uWave,Macro F1 score,0.6450706505913062
uWave,Macro F1 score,0.7313379128061255
uWave,Macro F1 score,0.740002806378861
uWave,Macro F1 score,0.6887882294296306
uWave,Macro F1 score,0.723660818423542
uWave,Macro F1 score,0.737307665626912
uWave,Macro F1 score,0.7234142014720674
uWave,Macro F1 score,0.7037688157215358
uWave,Macro F1 score,0.7397936201200133
uWave,Macro F1 score,0.6890122567813863
uWave,Macro F1 score,0.7038208516262499
uWave,Macro F1 score,0.6953491539402161
uWave,Macro F1 score,0.7402706393103746
uWave,Macro F1 score,0.7423858988807777
uWave,Macro F1 score,0.6836358361487271
uWave,Macro F1 score,0.7448262707287812
uWave,Macro F1 score,0.7214921259699774
uWave,Macro F1 score,0.7191368465279209
uWave,Macro F1 score,0.7288899406087764
uWave,Macro F1 score,0.6843916088050811
uWave,Macro F1 score,0.7220194648137668
uWave,Macro F1 score,0.7275182444382292
uWave,Macro F1 score,0.7449985695054369
uWave,Macro F1 score,0.6952855607781394
uWave,Macro F1 score,0.7198317956943232
uWave,Macro F1 score,0.73637724715151
uWave,Macro F1 score,0.677772527724815
uWave,Macro F1 score,0.7022121764449633
OPPORTUNITY,Accuracy,0.4544133672357428
OPPORTUNITY,Accuracy,0.4442426443879404
OPPORTUNITY,Accuracy,0.4580457682528151
OPPORTUNITY,Accuracy,0.4464220849981838
OPPORTUNITY,Accuracy,0.45114420632037777
OPPORTUNITY,Accuracy,0.4616781692698874
OPPORTUNITY,Accuracy,0.4424264438794043
OPPORTUNITY,Accuracy,0.4413367235742826
OPPORTUNITY,Accuracy,0.4464220849981838
OPPORTUNITY,Accuracy,0.46095168906647294
OPPORTUNITY,Accuracy,0.45368688703232835
OPPORTUNITY,Accuracy,0.44315292408281876
OPPORTUNITY,Accuracy,0.44460588448964766
OPPORTUNITY,Accuracy,0.4616781692698874
OPPORTUNITY,Accuracy,0.4620414093715946
OPPORTUNITY,Accuracy,0.4347984017435525
OPPORTUNITY,Accuracy,0.426080639302579
OPPORTUNITY,Accuracy,0.45368688703232835
OPPORTUNITY,Accuracy,0.4406102433708681
OPPORTUNITY,Accuracy,0.4489647657101344
OPPORTUNITY,Accuracy,0.44097348347257537
OPPORTUNITY,Accuracy,0.4475118053033055
OPPORTUNITY,Accuracy,0.4569560479476934
OPPORTUNITY,Accuracy,0.45586632764257173
OPPORTUNITY,Accuracy,0.45368688703232835
OPPORTUNITY,Accuracy,0.451507446422085
OPPORTUNITY,Accuracy,0.4398837631674537
OPPORTUNITY,Accuracy,0.4500544860152561
OPPORTUNITY,Accuracy,0.4384308027606248
OPPORTUNITY,Accuracy,0.4304395205230657
OPPORTUNITY,Accuracy,0.4438794042862332
OPPORTUNITY,Accuracy,0.46531057028695966
OPPORTUNITY,Accuracy,0.4406102433708681
OPPORTUNITY,Accuracy,0.4442426443879404
OPPORTUNITY,Accuracy,0.44024700326916094
OPPORTUNITY,Accuracy,0.4326189611333091
OPPORTUNITY,Accuracy,0.4504177261169633
OPPORTUNITY,Accuracy,0.4529604068289139
OPPORTUNITY,Accuracy,0.4282600799128224
OPPORTUNITY,Accuracy,0.42862332001452963
OPPORTUNITY,Accuracy,0.4442426443879404
OPPORTUNITY,Accuracy,0.44460588448964766
OPPORTUNITY,Accuracy,0.44024700326916094
OPPORTUNITY,Accuracy,0.4529604068289139
OPPORTUNITY,Accuracy,0.43443516164184526
OPPORTUNITY,Accuracy,0.4464220849981838
OPPORTUNITY,Accuracy,0.434071921540138
OPPORTUNITY,Accuracy,0.44823828550671996
OPPORTUNITY,Accuracy,0.4489647657101344
OPPORTUNITY,Accuracy,0.4438794042862332
OPPORTUNITY,Accuracy,0.46240464947330184
OPPORTUNITY,Accuracy,0.4377043225572103
OPPORTUNITY,Accuracy,0.43516164184525974
OPPORTUNITY,Accuracy,0.45986196876135127
OPPORTUNITY,Accuracy,0.45368688703232835
OPPORTUNITY,Accuracy,0.4413367235742826
OPPORTUNITY,Accuracy,0.4525971667272067
OPPORTUNITY,Accuracy,0.43007628042135854
OPPORTUNITY,Accuracy,0.4326189611333091
OPPORTUNITY,Accuracy,0.4544133672357428
OPPORTUNITY,Accuracy,0.44024700326916094
OPPORTUNITY,Accuracy,0.4631311296767163
OPPORTUNITY,Accuracy,0.44460588448964766
OPPORTUNITY,Accuracy,0.4377043225572103
OPPORTUNITY,Accuracy,0.451507446422085
OPPORTUNITY,Accuracy,0.45477660733745007
OPPORTUNITY,Accuracy,0.4453323646930621
OPPORTUNITY,Accuracy,0.44569560479476933
OPPORTUNITY,Accuracy,0.4576825281511079
OPPORTUNITY,Accuracy,0.4355248819469669
OPPORTUNITY,Accuracy,0.45840900835452236
OPPORTUNITY,Accuracy,0.4569560479476934
OPPORTUNITY,Accuracy,0.4355248819469669
OPPORTUNITY,Accuracy,0.45731928804940064
OPPORTUNITY,Accuracy,0.4656738103886669
OPPORTUNITY,Accuracy,0.45187068652379225
OPPORTUNITY,Accuracy,0.4438794042862332
OPPORTUNITY,Accuracy,0.44605884489647657
OPPORTUNITY,Accuracy,0.4442426443879404
OPPORTUNITY,Accuracy,0.4529604068289139
OPPORTUNITY,Accuracy,0.4391572829640392
OPPORTUNITY,Accuracy,0.46095168906647294
OPPORTUNITY,Accuracy,0.45078096621867053
OPPORTUNITY,Accuracy,0.4311660007264802
OPPORTUNITY,Accuracy,0.44714856520159824
OPPORTUNITY,Accuracy,0.4693062114057392
OPPORTUNITY,Accuracy,0.44823828550671996
OPPORTUNITY,Accuracy,0.47402833272793315
OPPORTUNITY,Accuracy,0.45223392662549944
OPPORTUNITY,Accuracy,0.44097348347257537
OPPORTUNITY,Accuracy,0.45078096621867053
OPPORTUNITY,Accuracy,0.434071921540138
OPPORTUNITY,Accuracy,0.4565928078459862
OPPORTUNITY,Accuracy,0.4667635306937886
OPPORTUNITY,Accuracy,0.44678532509989105
OPPORTUNITY,Accuracy,0.44097348347257537
OPPORTUNITY,Accuracy,0.43225572103160187
OPPORTUNITY,Accuracy,0.443516164184526
OPPORTUNITY,Accuracy,0.4438794042862332
OPPORTUNITY,Accuracy,0.44206320377769703
OPPORTUNITY,Recall,0.5164961907293529
OPPORTUNITY,Recall,0.4930345347393973
OPPORTUNITY,Recall,0.5184309497127134
OPPORTUNITY,Recall,0.5012946193476415
OPPORTUNITY,Recall,0.5451900981047691
OPPORTUNITY,Recall,0.5173270515949309
OPPORTUNITY,Recall,0.5097663900159856
OPPORTUNITY,Recall,0.5343077736421231
OPPORTUNITY,Recall,0.5297669241364442
OPPORTUNITY,Recall,0.5345313985673082
OPPORTUNITY,Recall,0.5545827319172812
OPPORTUNITY,Recall,0.5093518894247633
OPPORTUNITY,Recall,0.5295764317901523
OPPORTUNITY,Recall,0.538263249860996
OPPORTUNITY,Recall,0.5589359777776177
OPPORTUNITY,Recall,0.5418236667110595
OPPORTUNITY,Recall,0.5256802065671028
OPPORTUNITY,Recall,0.514491151844369
OPPORTUNITY,Recall,0.5127264398384334
OPPORTUNITY,Recall,0.49849605678227843
OPPORTUNITY,Recall,0.5008571031376335
OPPORTUNITY,Recall,0.5221778529182842
OPPORTUNITY,Recall,0.516218759857952
OPPORTUNITY,Recall,0.5091010027477697
OPPORTUNITY,Recall,0.5050958104231373
OPPORTUNITY,Recall,0.5089928152134808
OPPORTUNITY,Recall,0.5241797753911613
OPPORTUNITY,Recall,0.5394655056387339
OPPORTUNITY,Recall,0.5162863189679503
OPPORTUNITY,Recall,0.5242248990762709
OPPORTUNITY,Recall,0.48232531308785415
OPPORTUNITY,Recall,0.5569627869809355
OPPORTUNITY,Recall,0.5047107372789132
OPPORTUNITY,Recall,0.5635175826150121
OPPORTUNITY,Recall,0.542046610257135
OPPORTUNITY,Recall,0.5421046130794852
OPPORTUNITY,Recall,0.5259012009721478
OPPORTUNITY,Recall,0.5197780368629136
OPPORTUNITY,Recall,0.5617152616722553
OPPORTUNITY,Recall,0.5188943319560079
OPPORTUNITY,Recall,0.5326117089889153
OPPORTUNITY,Recall,0.5253034660176631
OPPORTUNITY,Recall,0.5181423568662914
OPPORTUNITY,Recall,0.5354096507698934
OPPORTUNITY,Recall,0.5203291740814104
OPPORTUNITY,Recall,0.5036763236311702
OPPORTUNITY,Recall,0.4972331709979294
OPPORTUNITY,Recall,0.5036335725809775
OPPORTUNITY,Recall,0.5354130906211609
OPPORTUNITY,Recall,0.5246811994220777
OPPORTUNITY,Recall,0.555703187809024
OPPORTUNITY,Recall,0.49912449961341043
OPPORTUNITY,Recall,0.4930408821784203
OPPORTUNITY,Recall,0.5097403420506477
OPPORTUNITY,Recall,0.5204184575638165
OPPORTUNITY,Recall,0.5179313650573684
OPPORTUNITY,Recall,0.5371678993282635
OPPORTUNITY,Recall,0.5384288022845957
OPPORTUNITY,Recall,0.5025109863383208
OPPORTUNITY,Recall,0.5136647872743629
OPPORTUNITY,Recall,0.5212994465889078
OPPORTUNITY,Recall,0.5265137004773028
OPPORTUNITY,Recall,0.5294702127303417
OPPORTUNITY,Recall,0.5070427342068352
OPPORTUNITY,Recall,0.5326335691273691
OPPORTUNITY,Recall,0.5280221911106292
OPPORTUNITY,Recall,0.519463880588232
OPPORTUNITY,Recall,0.5345561491847213
OPPORTUNITY,Recall,0.5509279897519781
OPPORTUNITY,Recall,0.5138102968787909
OPPORTUNITY,Recall,0.5317834455298465
OPPORTUNITY,Recall,0.5174268390474024
OPPORTUNITY,Recall,0.5043239049187919
OPPORTUNITY,Recall,0.5376565376375049
OPPORTUNITY,Recall,0.5164200877637648
OPPORTUNITY,Recall,0.5410791763176914
OPPORTUNITY,Recall,0.5426784395495294
OPPORTUNITY,Recall,0.5389448623779773
OPPORTUNITY,Recall,0.5070703860551916
OPPORTUNITY,Recall,0.5258347526491004
OPPORTUNITY,Recall,0.5163130908795297
OPPORTUNITY,Recall,0.5434872895320018
OPPORTUNITY,Recall,0.5380335262117488
OPPORTUNITY,Recall,0.5030148036270233
OPPORTUNITY,Recall,0.5376865532717328
OPPORTUNITY,Recall,0.5360611625454385
OPPORTUNITY,Recall,0.5347324293534814
OPPORTUNITY,Recall,0.5818007186082853
OPPORTUNITY,Recall,0.5437920608222391
OPPORTUNITY,Recall,0.5189529650393128
OPPORTUNITY,Recall,0.5453368970136738
OPPORTUNITY,Recall,0.5039718073052083
OPPORTUNITY,Recall,0.509825725069117
OPPORTUNITY,Recall,0.5382315008792042
OPPORTUNITY,Recall,0.5112492776991
OPPORTUNITY,Recall,0.4809609104245476
OPPORTUNITY,Recall,0.4915214256921938
OPPORTUNITY,Recall,0.5357120224946719
OPPORTUNITY,Recall,0.5272661339044769
OPPORTUNITY,Recall,0.49776409695246737
OPPORTUNITY,Macro F1 score,0.3461781713410803
OPPORTUNITY,Macro F1 score,0.3149240488246685
OPPORTUNITY,Macro F1 score,0.3470112276182859
OPPORTUNITY,Macro F1 score,0.3363560652070845
OPPORTUNITY,Macro F1 score,0.36396036852626645
OPPORTUNITY,Macro F1 score,0.34042046504277157
OPPORTUNITY,Macro F1 score,0.33303427050840384
OPPORTUNITY,Macro F1 score,0.3415311243906666
OPPORTUNITY,Macro F1 score,0.3432434195700498
OPPORTUNITY,Macro F1 score,0.33515100279279536
OPPORTUNITY,Macro F1 score,0.3570194942754944
OPPORTUNITY,Macro F1 score,0.33338247037635693
OPPORTUNITY,Macro F1 score,0.34614881110462004
OPPORTUNITY,Macro F1 score,0.35846576019456716
OPPORTUNITY,Macro F1 score,0.3709575251187046
OPPORTUNITY,Macro F1 score,0.3428895553565029
OPPORTUNITY,Macro F1 score,0.3406280778904649
OPPORTUNITY,Macro F1 score,0.34223474548651417
OPPORTUNITY,Macro F1 score,0.32389341803326366
OPPORTUNITY,Macro F1 score,0.3316867533810436
OPPORTUNITY,Macro F1 score,0.32401331697253594
OPPORTUNITY,Macro F1 score,0.34970211244053856
OPPORTUNITY,Macro F1 score,0.32968825927436557
OPPORTUNITY,Macro F1 score,0.3362623037859592
OPPORTUNITY,Macro F1 score,0.32881287793237435
OPPORTUNITY,Macro F1 score,0.31877168084412616
OPPORTUNITY,Macro F1 score,0.34621132230781904
OPPORTUNITY,Macro F1 score,0.3460879035338802
OPPORTUNITY,Macro F1 score,0.3275820362441164
OPPORTUNITY,Macro F1 score,0.340417388694295
OPPORTUNITY,Macro F1 score,0.30964052598763625
OPPORTUNITY,Macro F1 score,0.3675120069888117
OPPORTUNITY,Macro F1 score,0.3198654349149173
OPPORTUNITY,Macro F1 score,0.3577110264490791
OPPORTUNITY,Macro F1 score,0.3483456495184446
OPPORTUNITY,Macro F1 score,0.34557941456521357
OPPORTUNITY,Macro F1 score,0.3464500858448033
OPPORTUNITY,Macro F1 score,0.33691523662994804
OPPORTUNITY,Macro F1 score,0.36197257122238297
OPPORTUNITY,Macro F1 score,0.3344953304694962
OPPORTUNITY,Macro F1 score,0.3578129769993397
OPPORTUNITY,Macro F1 score,0.33843974501921587
OPPORTUNITY,Macro F1 score,0.33033990583120665
OPPORTUNITY,Macro F1 score,0.3404181105880345
OPPORTUNITY,Macro F1 score,0.33482290555889044
OPPORTUNITY,Macro F1 score,0.31813177553856353
OPPORTUNITY,Macro F1 score,0.3087449683722659
OPPORTUNITY,Macro F1 score,0.3290417211363773
OPPORTUNITY,Macro F1 score,0.3532396256841603
OPPORTUNITY,Macro F1 score,0.3372663176270422
OPPORTUNITY,Macro F1 score,0.36457456059122006
OPPORTUNITY,Macro F1 score,0.32917852584453683
OPPORTUNITY,Macro F1 score,0.32758763677457003
OPPORTUNITY,Macro F1 score,0.335784357337958
OPPORTUNITY,Macro F1 score,0.351950865210967
OPPORTUNITY,Macro F1 score,0.3324563778552643
OPPORTUNITY,Macro F1 score,0.3462289504358521
OPPORTUNITY,Macro F1 score,0.3350200181629329
OPPORTUNITY,Macro F1 score,0.3206412412555831
OPPORTUNITY,Macro F1 score,0.33667396061553617
OPPORTUNITY,Macro F1 score,0.3320234902255115
OPPORTUNITY,Macro F1 score,0.34504612871612056
OPPORTUNITY,Macro F1 score,0.3414365350355597
OPPORTUNITY,Macro F1 score,0.31980936805220933
OPPORTUNITY,Macro F1 score,0.36010648954951235
OPPORTUNITY,Macro F1 score,0.3462039275482879
OPPORTUNITY,Macro F1 score,0.3379364869952735
OPPORTUNITY,Macro F1 score,0.33792849849705636
OPPORTUNITY,Macro F1 score,0.34664101781052814
OPPORTUNITY,Macro F1 score,0.31499392704037027
OPPORTUNITY,Macro F1 score,0.3474500849197116
OPPORTUNITY,Macro F1 score,0.3305161364934494
OPPORTUNITY,Macro F1 score,0.3237475410129292
OPPORTUNITY,Macro F1 score,0.3471038314879766
OPPORTUNITY,Macro F1 score,0.34593795028588026
OPPORTUNITY,Macro F1 score,0.36134512522990136
OPPORTUNITY,Macro F1 score,0.3463487590220728
OPPORTUNITY,Macro F1 score,0.3418576087025062
OPPORTUNITY,Macro F1 score,0.32738981459219363
OPPORTUNITY,Macro F1 score,0.35201503081055674
OPPORTUNITY,Macro F1 score,0.3217788362674011
OPPORTUNITY,Macro F1 score,0.34994730385006056
OPPORTUNITY,Macro F1 score,0.3428927082983314
OPPORTUNITY,Macro F1 score,0.3257684870395116
OPPORTUNITY,Macro F1 score,0.3550711425109232
OPPORTUNITY,Macro F1 score,0.3525341569683839
OPPORTUNITY,Macro F1 score,0.3492070385653247
OPPORTUNITY,Macro F1 score,0.3803166123844124
OPPORTUNITY,Macro F1 score,0.36200301816169084
OPPORTUNITY,Macro F1 score,0.33978249886889983
OPPORTUNITY,Macro F1 score,0.3468457537406754
OPPORTUNITY,Macro F1 score,0.3190277277854522
OPPORTUNITY,Macro F1 score,0.3385990808544101
OPPORTUNITY,Macro F1 score,0.35304557015797333
OPPORTUNITY,Macro F1 score,0.3336438233428358
OPPORTUNITY,Macro F1 score,0.3110714896638987
OPPORTUNITY,Macro F1 score,0.31342080265617955
OPPORTUNITY,Macro F1 score,0.33986664586788057
OPPORTUNITY,Macro F1 score,0.3422662412917832
OPPORTUNITY,Macro F1 score,0.3298125173911903
PAMAP2,Accuracy,0.5737403457153365
PAMAP2,Accuracy,0.5895549834497977
PAMAP2,Accuracy,0.5788892975358588
PAMAP2,Accuracy,0.5781537329900699
PAMAP2,Accuracy,0.5928650239058477
PAMAP2,Accuracy,0.5763148216255977
PAMAP2,Accuracy,0.5877160720853255
PAMAP2,Accuracy,0.5902905479955867
PAMAP2,Accuracy,0.5899227657226922
PAMAP2,Accuracy,0.5884516366311143
PAMAP2,Accuracy,0.570062522986392
PAMAP2,Accuracy,0.5759470393527032
PAMAP2,Accuracy,0.5678558293490253
PAMAP2,Accuracy,0.5803604266274366
PAMAP2,Accuracy,0.5917616770871644
PAMAP2,Accuracy,0.5943361529974255
PAMAP2,Accuracy,0.5866127252666421
PAMAP2,Accuracy,0.573372563442442
PAMAP2,Accuracy,0.577418168444281
PAMAP2,Accuracy,0.5847738139021699
PAMAP2,Accuracy,0.5671202648032365
PAMAP2,Accuracy,0.5833026848105921
PAMAP2,Accuracy,0.5943361529974255
PAMAP2,Accuracy,0.5983817579992644
PAMAP2,Accuracy,0.5866127252666421
PAMAP2,Accuracy,0.5902905479955867
PAMAP2,Accuracy,0.5781537329900699
PAMAP2,Accuracy,0.5855093784479588
PAMAP2,Accuracy,0.5891872011769033
PAMAP2,Accuracy,0.6057374034571533
PAMAP2,Accuracy,0.5744759102611254
PAMAP2,Accuracy,0.5821993379919088
PAMAP2,Accuracy,0.5888194189040088
PAMAP2,Accuracy,0.5814637734461199
PAMAP2,Accuracy,0.580728208900331
PAMAP2,Accuracy,0.577418168444281
PAMAP2,Accuracy,0.5763148216255977
PAMAP2,Accuracy,0.5759470393527032
PAMAP2,Accuracy,0.570798087532181
PAMAP2,Accuracy,0.5748436925340199
PAMAP2,Accuracy,0.5763148216255977
PAMAP2,Accuracy,0.5877160720853255
PAMAP2,Accuracy,0.5869805075395366
PAMAP2,Accuracy,0.5586612725266642
PAMAP2,Accuracy,0.5752114748069143
PAMAP2,Accuracy,0.5924972416329533
PAMAP2,Accuracy,0.5781537329900699
PAMAP2,Accuracy,0.5752114748069143
PAMAP2,Accuracy,0.5858771607208533
PAMAP2,Accuracy,0.5777859507171754
PAMAP2,Accuracy,0.5748436925340199
PAMAP2,Accuracy,0.5829349025376976
PAMAP2,Accuracy,0.5855093784479588
PAMAP2,Accuracy,0.5958072820890034
PAMAP2,Accuracy,0.5781537329900699
PAMAP2,Accuracy,0.5616035307098198
PAMAP2,Accuracy,0.5766826038984921
PAMAP2,Accuracy,0.5932328061787422
PAMAP2,Accuracy,0.570062522986392
PAMAP2,Accuracy,0.5752114748069143
PAMAP2,Accuracy,0.5649135711658698
PAMAP2,Accuracy,0.5877160720853255
PAMAP2,Accuracy,0.5796248620816477
PAMAP2,Accuracy,0.5855093784479588
PAMAP2,Accuracy,0.587348289812431
PAMAP2,Accuracy,0.5689591761677087
PAMAP2,Accuracy,0.5803604266274366
PAMAP2,Accuracy,0.573372563442442
PAMAP2,Accuracy,0.5737403457153365
PAMAP2,Accuracy,0.5752114748069143
PAMAP2,Accuracy,0.6002206693637366
PAMAP2,Accuracy,0.5851415961750643
PAMAP2,Accuracy,0.5752114748069143
PAMAP2,Accuracy,0.5862449429937477
PAMAP2,Accuracy,0.5641780066200809
PAMAP2,Accuracy,0.5814637734461199
PAMAP2,Accuracy,0.5818315557190143
PAMAP2,Accuracy,0.5821993379919088
PAMAP2,Accuracy,0.5869805075395366
PAMAP2,Accuracy,0.5792570798087532
PAMAP2,Accuracy,0.5763148216255977
PAMAP2,Accuracy,0.5810959911732254
PAMAP2,Accuracy,0.5899227657226922
PAMAP2,Accuracy,0.5759470393527032
PAMAP2,Accuracy,0.5829349025376976
PAMAP2,Accuracy,0.590658330268481
PAMAP2,Accuracy,0.5770503861713865
PAMAP2,Accuracy,0.5748436925340199
PAMAP2,Accuracy,0.5851415961750643
PAMAP2,Accuracy,0.5785215152629644
PAMAP2,Accuracy,0.5855093784479588
PAMAP2,Accuracy,0.5877160720853255
PAMAP2,Accuracy,0.5759470393527032
PAMAP2,Accuracy,0.590658330268481
PAMAP2,Accuracy,0.5833026848105921
PAMAP2,Accuracy,0.5715336520779698
PAMAP2,Accuracy,0.5987495402721589
PAMAP2,Accuracy,0.5785215152629644
PAMAP2,Accuracy,0.5818315557190143
PAMAP2,Accuracy,0.577418168444281
PAMAP2,Recall,0.5576685037953897
PAMAP2,Recall,0.5781473825120746
PAMAP2,Recall,0.5623613369543863
PAMAP2,Recall,0.559659403581096
PAMAP2,Recall,0.5824329335756893
PAMAP2,Recall,0.5688787948545545
PAMAP2,Recall,0.5819169625086045
PAMAP2,Recall,0.5738536956275845
PAMAP2,Recall,0.5837662388299442
PAMAP2,Recall,0.5826261176904323
PAMAP2,Recall,0.5610009369808119
PAMAP2,Recall,0.5708824283436305
PAMAP2,Recall,0.5673309122205998
PAMAP2,Recall,0.5684744521160625
PAMAP2,Recall,0.5677406183712406
PAMAP2,Recall,0.5790946377389286
PAMAP2,Recall,0.5707310137812347
PAMAP2,Recall,0.5567908365758932
PAMAP2,Recall,0.5689224407671495
PAMAP2,Recall,0.5756966631385447
PAMAP2,Recall,0.5633261391004543
PAMAP2,Recall,0.5845791843109303
PAMAP2,Recall,0.5843744332570645
PAMAP2,Recall,0.5819666764916644
PAMAP2,Recall,0.5806902473258226
PAMAP2,Recall,0.5859111184568299
PAMAP2,Recall,0.5708168052373672
PAMAP2,Recall,0.5727135697056924
PAMAP2,Recall,0.5810034013791836
PAMAP2,Recall,0.5844269983318671
PAMAP2,Recall,0.5791054449589259
PAMAP2,Recall,0.5724650367999247
PAMAP2,Recall,0.5823857054480516
PAMAP2,Recall,0.5736233934084818
PAMAP2,Recall,0.5722742170165153
PAMAP2,Recall,0.5753303943180822
PAMAP2,Recall,0.5698224309863114
PAMAP2,Recall,0.5649103817313845
PAMAP2,Recall,0.5619521564824946
PAMAP2,Recall,0.5617150636559308
PAMAP2,Recall,0.5629673314655429
PAMAP2,Recall,0.5827139382102298
PAMAP2,Recall,0.5687941316118346
PAMAP2,Recall,0.5462197997005789
PAMAP2,Recall,0.5740488991578133
PAMAP2,Recall,0.5787585068740149
PAMAP2,Recall,0.5651633080189989
PAMAP2,Recall,0.5688598758632852
PAMAP2,Recall,0.5822374322184866
PAMAP2,Recall,0.5710613242700896
PAMAP2,Recall,0.5732202299719562
PAMAP2,Recall,0.5745086439226725
PAMAP2,Recall,0.5745373366995133
PAMAP2,Recall,0.5827631455040462
PAMAP2,Recall,0.5803297358875713
PAMAP2,Recall,0.5531766655633439
PAMAP2,Recall,0.5752575033436709
PAMAP2,Recall,0.5784146165425285
PAMAP2,Recall,0.5594755607169613
PAMAP2,Recall,0.5587227695613063
PAMAP2,Recall,0.56335561008243
PAMAP2,Recall,0.5828283524798957
PAMAP2,Recall,0.5699407984105642
PAMAP2,Recall,0.5747924475025166
PAMAP2,Recall,0.56923053225387
PAMAP2,Recall,0.5579620799163751
PAMAP2,Recall,0.5679974872490586
PAMAP2,Recall,0.5652745031321151
PAMAP2,Recall,0.574349748615461
PAMAP2,Recall,0.5640270882406303
PAMAP2,Recall,0.5858684438270667
PAMAP2,Recall,0.5855779799573455
PAMAP2,Recall,0.5684333733725131
PAMAP2,Recall,0.5804027649160118
PAMAP2,Recall,0.5542250152920224
PAMAP2,Recall,0.5779483417521987
PAMAP2,Recall,0.5725318337230432
PAMAP2,Recall,0.5725664999580915
PAMAP2,Recall,0.5775004497747513
PAMAP2,Recall,0.5615853792021853
PAMAP2,Recall,0.5611901491839562
PAMAP2,Recall,0.5739579948052937
PAMAP2,Recall,0.5785904431062223
PAMAP2,Recall,0.5618619396282336
PAMAP2,Recall,0.5761795660602131
PAMAP2,Recall,0.5726232641415663
PAMAP2,Recall,0.5710043727382638
PAMAP2,Recall,0.5598628935011332
PAMAP2,Recall,0.5731552789331872
PAMAP2,Recall,0.5654262940406474
PAMAP2,Recall,0.5700879340317645
PAMAP2,Recall,0.5724669994684817
PAMAP2,Recall,0.5676955298179718
PAMAP2,Recall,0.5785552427137359
PAMAP2,Recall,0.5738650143566991
PAMAP2,Recall,0.5683497259442175
PAMAP2,Recall,0.5814181283339397
PAMAP2,Recall,0.5733354629876157
PAMAP2,Recall,0.5788687176892012
PAMAP2,Recall,0.5646077517180638
PAMAP2,Macro F1 score,0.5364305038749567
PAMAP2,Macro F1 score,0.5527152592684846
PAMAP2,Macro F1 score,0.5405366693671874
PAMAP2,Macro F1 score,0.5430247075572687
PAMAP2,Macro F1 score,0.5544265020518774
PAMAP2,Macro F1 score,0.5454001599665086
PAMAP2,Macro F1 score,0.5557098306234161
PAMAP2,Macro F1 score,0.5491833271693599
PAMAP2,Macro F1 score,0.5621437779341519
PAMAP2,Macro F1 score,0.5586551384986574
PAMAP2,Macro F1 score,0.5372629446570344
PAMAP2,Macro F1 score,0.5456888363206173
PAMAP2,Macro F1 score,0.5426825962376808
PAMAP2,Macro F1 score,0.5432910536206594
PAMAP2,Macro F1 score,0.5473311321749808
PAMAP2,Macro F1 score,0.5576338935787742
PAMAP2,Macro F1 score,0.553548788829721
PAMAP2,Macro F1 score,0.5328702900869483
PAMAP2,Macro F1 score,0.5448502115299675
PAMAP2,Macro F1 score,0.5550103409931926
PAMAP2,Macro F1 score,0.5385583009265031
PAMAP2,Macro F1 score,0.5476176860048344
PAMAP2,Macro F1 score,0.5601926381614871
PAMAP2,Macro F1 score,0.5623808998584992
PAMAP2,Macro F1 score,0.5562021429268997
PAMAP2,Macro F1 score,0.5626279150636954
PAMAP2,Macro F1 score,0.5420943102746745
PAMAP2,Macro F1 score,0.5494949454431632
PAMAP2,Macro F1 score,0.554902820803716
PAMAP2,Macro F1 score,0.5589867756746707
PAMAP2,Macro F1 score,0.5548731453918391
PAMAP2,Macro F1 score,0.5481767760300911
PAMAP2,Macro F1 score,0.551763178698383
PAMAP2,Macro F1 score,0.5521713597936437
PAMAP2,Macro F1 score,0.5440714238495746
PAMAP2,Macro F1 score,0.5474298953815242
PAMAP2,Macro F1 score,0.545787502870725
PAMAP2,Macro F1 score,0.5421592419671561
PAMAP2,Macro F1 score,0.5372160393570569
PAMAP2,Macro F1 score,0.5397233387590615
PAMAP2,Macro F1 score,0.5400257709042058
PAMAP2,Macro F1 score,0.5546843602723387
PAMAP2,Macro F1 score,0.5475195028682062
PAMAP2,Macro F1 score,0.5226036365311275
PAMAP2,Macro F1 score,0.5473428375977484
PAMAP2,Macro F1 score,0.5609576301183207
PAMAP2,Macro F1 score,0.5460144386747102
PAMAP2,Macro F1 score,0.543415863052679
PAMAP2,Macro F1 score,0.5523349084902709
PAMAP2,Macro F1 score,0.540459872707383
PAMAP2,Macro F1 score,0.547989059127397
PAMAP2,Macro F1 score,0.5511970425653465
PAMAP2,Macro F1 score,0.5465670345856011
PAMAP2,Macro F1 score,0.5609192828622311
PAMAP2,Macro F1 score,0.5559721068077434
PAMAP2,Macro F1 score,0.5260459662353477
PAMAP2,Macro F1 score,0.5436223923033779
PAMAP2,Macro F1 score,0.550694657171104
PAMAP2,Macro F1 score,0.539549103618367
PAMAP2,Macro F1 score,0.5406098439901481
PAMAP2,Macro F1 score,0.5375572666304091
PAMAP2,Macro F1 score,0.5580197438110646
PAMAP2,Macro F1 score,0.5446172767489146
PAMAP2,Macro F1 score,0.552081362813349
PAMAP2,Macro F1 score,0.5490693001323188
PAMAP2,Macro F1 score,0.5351920510702429
PAMAP2,Macro F1 score,0.5415777330118574
PAMAP2,Macro F1 score,0.5370245738949164
PAMAP2,Macro F1 score,0.5464285645157477
PAMAP2,Macro F1 score,0.5348322242075226
PAMAP2,Macro F1 score,0.5601304739094386
PAMAP2,Macro F1 score,0.5544963968862405
PAMAP2,Macro F1 score,0.5447168131900701
PAMAP2,Macro F1 score,0.5501597155012447
PAMAP2,Macro F1 score,0.5342579129423874
PAMAP2,Macro F1 score,0.5538501496158372
PAMAP2,Macro F1 score,0.5493196750522288
PAMAP2,Macro F1 score,0.5493371822223838
PAMAP2,Macro F1 score,0.5579185089501202
PAMAP2,Macro F1 score,0.5345907075444684
PAMAP2,Macro F1 score,0.5358975401717152
PAMAP2,Macro F1 score,0.5473951255150196
PAMAP2,Macro F1 score,0.5548302117084281
PAMAP2,Macro F1 score,0.5386910424948792
PAMAP2,Macro F1 score,0.5521967599571584
PAMAP2,Macro F1 score,0.5509728912931942
PAMAP2,Macro F1 score,0.5502081950623934
PAMAP2,Macro F1 score,0.5378487231297351
PAMAP2,Macro F1 score,0.5481112038491225
PAMAP2,Macro F1 score,0.5443003729343002
PAMAP2,Macro F1 score,0.5446398110532047
PAMAP2,Macro F1 score,0.5478235164825791
PAMAP2,Macro F1 score,0.5456309716544507
PAMAP2,Macro F1 score,0.5581492503465468
PAMAP2,Macro F1 score,0.5425477892694713
PAMAP2,Macro F1 score,0.5405401622040302
PAMAP2,Macro F1 score,0.5600962744923411
PAMAP2,Macro F1 score,0.5456769091076119
PAMAP2,Macro F1 score,0.5519810566181111
PAMAP2,Macro F1 score,0.541641978686861
Skoda,Accuracy,0.5318275154004107
Skoda,Accuracy,0.48459958932238195
Skoda,Accuracy,0.5071868583162218
Skoda,Accuracy,0.5195071868583162
Skoda,Accuracy,0.5297741273100616
Skoda,Accuracy,0.5215605749486653
Skoda,Accuracy,0.5359342915811088
Skoda,Accuracy,0.433264887063655
Skoda,Accuracy,0.486652977412731
Skoda,Accuracy,0.4681724845995893
Skoda,Accuracy,0.49691991786447637
Skoda,Accuracy,0.5462012320328542
Skoda,Accuracy,0.5318275154004107
Skoda,Accuracy,0.5030800821355236
Skoda,Accuracy,0.486652977412731
Skoda,Accuracy,0.4948665297741273
Skoda,Accuracy,0.49691991786447637
Skoda,Accuracy,0.4722792607802875
Skoda,Accuracy,0.48459958932238195
Skoda,Accuracy,0.5482546201232033
Skoda,Accuracy,0.5071868583162218
Skoda,Accuracy,0.4722792607802875
Skoda,Accuracy,0.49691991786447637
Skoda,Accuracy,0.5195071868583162
Skoda,Accuracy,0.4702258726899384
Skoda,Accuracy,0.4989733059548255
Skoda,Accuracy,0.5338809034907598
Skoda,Accuracy,0.5010266940451745
Skoda,Accuracy,0.49075975359342916
Skoda,Accuracy,0.47638603696098564
Skoda,Accuracy,0.4722792607802875
Skoda,Accuracy,0.4948665297741273
Skoda,Accuracy,0.47638603696098564
Skoda,Accuracy,0.5051334702258727
Skoda,Accuracy,0.4887063655030801
Skoda,Accuracy,0.5092402464065708
Skoda,Accuracy,0.4928131416837782
Skoda,Accuracy,0.5174537987679672
Skoda,Accuracy,0.4989733059548255
Skoda,Accuracy,0.47433264887063653
Skoda,Accuracy,0.4928131416837782
Skoda,Accuracy,0.5154004106776181
Skoda,Accuracy,0.5297741273100616
Skoda,Accuracy,0.48459958932238195
Skoda,Accuracy,0.459958932238193
Skoda,Accuracy,0.5400410677618069
Skoda,Accuracy,0.5174537987679672
Skoda,Accuracy,0.5154004106776181
Skoda,Accuracy,0.4784394250513347
Skoda,Accuracy,0.4537987679671458
Skoda,Accuracy,0.5112936344969199
Skoda,Accuracy,0.5236139630390144
Skoda,Accuracy,0.5277207392197125
Skoda,Accuracy,0.5338809034907598
Skoda,Accuracy,0.5318275154004107
Skoda,Accuracy,0.4887063655030801
Skoda,Accuracy,0.5051334702258727
Skoda,Accuracy,0.4887063655030801
Skoda,Accuracy,0.5236139630390144
Skoda,Accuracy,0.5441478439425051
Skoda,Accuracy,0.4887063655030801
Skoda,Accuracy,0.5544147843942505
Skoda,Accuracy,0.4804928131416838
Skoda,Accuracy,0.5318275154004107
Skoda,Accuracy,0.5112936344969199
Skoda,Accuracy,0.5236139630390144
Skoda,Accuracy,0.47433264887063653
Skoda,Accuracy,0.5030800821355236
Skoda,Accuracy,0.46611909650924027
Skoda,Accuracy,0.5092402464065708
Skoda,Accuracy,0.4948665297741273
Skoda,Accuracy,0.5277207392197125
Skoda,Accuracy,0.5154004106776181
Skoda,Accuracy,0.49075975359342916
Skoda,Accuracy,0.5092402464065708
Skoda,Accuracy,0.48254620123203285
Skoda,Accuracy,0.48459958932238195
Skoda,Accuracy,0.4784394250513347
Skoda,Accuracy,0.486652977412731
Skoda,Accuracy,0.5030800821355236
Skoda,Accuracy,0.5030800821355236
Skoda,Accuracy,0.5297741273100616
Skoda,Accuracy,0.5030800821355236
Skoda,Accuracy,0.4928131416837782
Skoda,Accuracy,0.5215605749486653
Skoda,Accuracy,0.4537987679671458
Skoda,Accuracy,0.5051334702258727
Skoda,Accuracy,0.5071868583162218
Skoda,Accuracy,0.4887063655030801
Skoda,Accuracy,0.48459958932238195
Skoda,Accuracy,0.5051334702258727
Skoda,Accuracy,0.4948665297741273
Skoda,Accuracy,0.49075975359342916
Skoda,Accuracy,0.47433264887063653
Skoda,Accuracy,0.4517453798767967
Skoda,Accuracy,0.4948665297741273
Skoda,Accuracy,0.5071868583162218
Skoda,Accuracy,0.4681724845995893
Skoda,Accuracy,0.5010266940451745
Skoda,Accuracy,0.5256673511293635
Skoda,Recall,0.5871119700132654
Skoda,Recall,0.5191029271087473
Skoda,Recall,0.5312086079009463
Skoda,Recall,0.5623606273112852
Skoda,Recall,0.5634181381891409
Skoda,Recall,0.5626785572915693
Skoda,Recall,0.5703714472724001
Skoda,Recall,0.49522919022037504
Skoda,Recall,0.5278072432233863
Skoda,Recall,0.5187471804528002
Skoda,Recall,0.5426163365873657
Skoda,Recall,0.5951398859736455
Skoda,Recall,0.5679247453535452
Skoda,Recall,0.5429427951204021
Skoda,Recall,0.53945243305569
Skoda,Recall,0.5410298943303465
Skoda,Recall,0.520998019861503
Skoda,Recall,0.5325366898896311
Skoda,Recall,0.5342085166811804
Skoda,Recall,0.5727231933999815
Skoda,Recall,0.542842875681668
Skoda,Recall,0.5361513064454241
Skoda,Recall,0.5241029675765463
Skoda,Recall,0.5733683330920616
Skoda,Recall,0.4975704451493925
Skoda,Recall,0.5441957813561966
Skoda,Recall,0.5597771257122628
Skoda,Recall,0.5510521709378092
Skoda,Recall,0.5181669494480692
Skoda,Recall,0.5435003570361627
Skoda,Recall,0.4949383544155226
Skoda,Recall,0.5299215159977073
Skoda,Recall,0.5433167531280739
Skoda,Recall,0.5138809074477247
Skoda,Recall,0.543566445631663
Skoda,Recall,0.5255751808009708
Skoda,Recall,0.544469008116067
Skoda,Recall,0.5352246317093552
Skoda,Recall,0.5071800116038482
Skoda,Recall,0.5456852629172232
Skoda,Recall,0.5202715179003858
Skoda,Recall,0.5571742017672251
Skoda,Recall,0.5629851015857599
Skoda,Recall,0.5278688976536257
Skoda,Recall,0.523185478143919
Skoda,Recall,0.5853878055465003
Skoda,Recall,0.5510714946165736
Skoda,Recall,0.5715854700541608
Skoda,Recall,0.5110265013116296
Skoda,Recall,0.4712350076383675
Skoda,Recall,0.5479987634693517
Skoda,Recall,0.5587531896104296
Skoda,Recall,0.5432546296713903
Skoda,Recall,0.5425669589768075
Skoda,Recall,0.5604806015135582
Skoda,Recall,0.5371803246111236
Skoda,Recall,0.5394450055341405
Skoda,Recall,0.5270182676095321
Skoda,Recall,0.5704278169536792
Skoda,Recall,0.5709791300317616
Skoda,Recall,0.5209602189536195
Skoda,Recall,0.5809489264883633
Skoda,Recall,0.469821209383416
Skoda,Recall,0.5731472156875383
Skoda,Recall,0.5654525572869201
Skoda,Recall,0.5624584593668078
Skoda,Recall,0.5191682024365919
Skoda,Recall,0.5460218250921817
Skoda,Recall,0.5318029167684976
Skoda,Recall,0.5463593223669203
Skoda,Recall,0.5451096018377048
Skoda,Recall,0.5758382055680616
Skoda,Recall,0.5565928826316784
Skoda,Recall,0.5074144484486309
Skoda,Recall,0.5294940057502753
Skoda,Recall,0.5396857200273439
Skoda,Recall,0.524488185863291
Skoda,Recall,0.5275682162154376
Skoda,Recall,0.521539295903544
Skoda,Recall,0.5210652329828188
Skoda,Recall,0.536790513087988
Skoda,Recall,0.55267534566413
Skoda,Recall,0.5272337618770163
Skoda,Recall,0.5164012286832512
Skoda,Recall,0.5389670828507054
Skoda,Recall,0.5118118587346674
Skoda,Recall,0.5594951261585677
Skoda,Recall,0.536632760328898
Skoda,Recall,0.5169768373559184
Skoda,Recall,0.5180228378356319
Skoda,Recall,0.5294629803911606
Skoda,Recall,0.5496641293154495
Skoda,Recall,0.5252607640591338
Skoda,Recall,0.5187625956879517
Skoda,Recall,0.4915815979137516
Skoda,Recall,0.5251067030873623
Skoda,Recall,0.5502406126189816
Skoda,Recall,0.5263324511509995
Skoda,Recall,0.5374513375043037
Skoda,Recall,0.5275456171149362
Skoda,Macro F1 score,0.5147277560551282
Skoda,Macro F1 score,0.4579556554114418
Skoda,Macro F1 score,0.48204856182335154
Skoda,Macro F1 score,0.49924511474095123
Skoda,Macro F1 score,0.5226087030866755
Skoda,Macro F1 score,0.504587267894759
Skoda,Macro F1 score,0.5165747481559919
Skoda,Macro F1 score,0.43186066110843174
Skoda,Macro F1 score,0.47578883713399095
Skoda,Macro F1 score,0.45715840203727576
Skoda,Macro F1 score,0.4844605254652306
Skoda,Macro F1 score,0.535348243784231
Skoda,Macro F1 score,0.5064288594968256
Skoda,Macro F1 score,0.4743318098830206
Skoda,Macro F1 score,0.4701078716758403
Skoda,Macro F1 score,0.46646105007983485
Skoda,Macro F1 score,0.4694367204944971
Skoda,Macro F1 score,0.45381379815081074
Skoda,Macro F1 score,0.46990732173790806
Skoda,Macro F1 score,0.5181707261843116
Skoda,Macro F1 score,0.4828250127725663
Skoda,Macro F1 score,0.4667015929194995
Skoda,Macro F1 score,0.48353846718601423
Skoda,Macro F1 score,0.5033228186467298
Skoda,Macro F1 score,0.4542217694454892
Skoda,Macro F1 score,0.486783994466375
Skoda,Macro F1 score,0.5058423732842733
Skoda,Macro F1 score,0.48245706014453216
Skoda,Macro F1 score,0.4673138512836633
Skoda,Macro F1 score,0.47373266296730987
Skoda,Macro F1 score,0.45237021726871873
Skoda,Macro F1 score,0.47836169935043615
Skoda,Macro F1 score,0.4825003455674392
Skoda,Macro F1 score,0.4658130688855143
Skoda,Macro F1 score,0.4655417574628101
Skoda,Macro F1 score,0.48003203186062127
Skoda,Macro F1 score,0.47565869256754895
Skoda,Macro F1 score,0.4916928601158463
Skoda,Macro F1 score,0.4560765574551885
Skoda,Macro F1 score,0.4685931841950291
Skoda,Macro F1 score,0.4564988576082998
Skoda,Macro F1 score,0.5016262650160018
Skoda,Macro F1 score,0.5083739798358206
Skoda,Macro F1 score,0.4719308662697517
Skoda,Macro F1 score,0.43551646612981393
Skoda,Macro F1 score,0.5279594473234912
Skoda,Macro F1 score,0.5005855325091361
Skoda,Macro F1 score,0.5133031643883726
Skoda,Macro F1 score,0.44514899950629133
Skoda,Macro F1 score,0.4227072974382723
Skoda,Macro F1 score,0.49193881365335634
Skoda,Macro F1 score,0.49386605382086124
Skoda,Macro F1 score,0.505545459646802
Skoda,Macro F1 score,0.49935182710223014
Skoda,Macro F1 score,0.4981533985486147
Skoda,Macro F1 score,0.4686921495864979
Skoda,Macro F1 score,0.4781583553175313
Skoda,Macro F1 score,0.4689841321896121
Skoda,Macro F1 score,0.5086154523373434
Skoda,Macro F1 score,0.5231372780022372
Skoda,Macro F1 score,0.45911182749473617
Skoda,Macro F1 score,0.5300609338184441
Skoda,Macro F1 score,0.44108254561029064
Skoda,Macro F1 score,0.512604993243527
Skoda,Macro F1 score,0.501034148249657
Skoda,Macro F1 score,0.5071735542898634
Skoda,Macro F1 score,0.4665969261175508
Skoda,Macro F1 score,0.4767297514007242
Skoda,Macro F1 score,0.46686081977766525
Skoda,Macro F1 score,0.4850549723745562
Skoda,Macro F1 score,0.47753309274019407
Skoda,Macro F1 score,0.5097694263991678
Skoda,Macro F1 score,0.5048274243363255
Skoda,Macro F1 score,0.45450972334859624
Skoda,Macro F1 score,0.4826230975772462
Skoda,Macro F1 score,0.4694247267741928
Skoda,Macro F1 score,0.47690378965942193
Skoda,Macro F1 score,0.4589090699735204
Skoda,Macro F1 score,0.4658112134949984
Skoda,Macro F1 score,0.4757833554507088
Skoda,Macro F1 score,0.4795908622728729
Skoda,Macro F1 score,0.5044146717066048
Skoda,Macro F1 score,0.47155203078707847
Skoda,Macro F1 score,0.4702882180215392
Skoda,Macro F1 score,0.5037818319865079
Skoda,Macro F1 score,0.4423444154630355
Skoda,Macro F1 score,0.4945976338956973
Skoda,Macro F1 score,0.4920100036550375
Skoda,Macro F1 score,0.48308662047329154
Skoda,Macro F1 score,0.47366544929607934
Skoda,Macro F1 score,0.49074960879627083
Skoda,Macro F1 score,0.49662030470258733
Skoda,Macro F1 score,0.4749543892602227
Skoda,Macro F1 score,0.4513549353668802
Skoda,Macro F1 score,0.4371328044664519
Skoda,Macro F1 score,0.4754226554661691
Skoda,Macro F1 score,0.4862031196956426
Skoda,Macro F1 score,0.45553649126656587
Skoda,Macro F1 score,0.48386038629600153
Skoda,Macro F1 score,0.48872580896547974
MHEALTH,Accuracy,0.6716417910447762
MHEALTH,Accuracy,0.7014925373134329
MHEALTH,Accuracy,0.6567164179104478
MHEALTH,Accuracy,0.6567164179104478
MHEALTH,Accuracy,0.6567164179104478
MHEALTH,Accuracy,0.6417910447761194
MHEALTH,Accuracy,0.6194029850746269
MHEALTH,Accuracy,0.7089552238805971
MHEALTH,Accuracy,0.6791044776119403
MHEALTH,Accuracy,0.664179104477612
MHEALTH,Accuracy,0.6417910447761194
MHEALTH,Accuracy,0.6343283582089553
MHEALTH,Accuracy,0.6343283582089553
MHEALTH,Accuracy,0.6492537313432836
MHEALTH,Accuracy,0.6492537313432836
MHEALTH,Accuracy,0.664179104477612
MHEALTH,Accuracy,0.7014925373134329
MHEALTH,Accuracy,0.6492537313432836
MHEALTH,Accuracy,0.6268656716417911
MHEALTH,Accuracy,0.7238805970149254
MHEALTH,Accuracy,0.664179104477612
MHEALTH,Accuracy,0.5970149253731343
MHEALTH,Accuracy,0.6567164179104478
MHEALTH,Accuracy,0.6940298507462687
MHEALTH,Accuracy,0.6791044776119403
MHEALTH,Accuracy,0.664179104477612
MHEALTH,Accuracy,0.7313432835820896
MHEALTH,Accuracy,0.7388059701492538
MHEALTH,Accuracy,0.664179104477612
MHEALTH,Accuracy,0.6567164179104478
MHEALTH,Accuracy,0.5970149253731343
MHEALTH,Accuracy,0.7238805970149254
MHEALTH,Accuracy,0.5671641791044776
MHEALTH,Accuracy,0.6268656716417911
MHEALTH,Accuracy,0.6791044776119403
MHEALTH,Accuracy,0.7313432835820896
MHEALTH,Accuracy,0.5522388059701493
MHEALTH,Accuracy,0.6940298507462687
MHEALTH,Accuracy,0.6716417910447762
MHEALTH,Accuracy,0.6716417910447762
MHEALTH,Accuracy,0.6194029850746269
MHEALTH,Accuracy,0.7313432835820896
MHEALTH,Accuracy,0.6865671641791045
MHEALTH,Accuracy,0.6791044776119403
MHEALTH,Accuracy,0.6567164179104478
MHEALTH,Accuracy,0.6492537313432836
MHEALTH,Accuracy,0.5895522388059702
MHEALTH,Accuracy,0.664179104477612
MHEALTH,Accuracy,0.6044776119402985
MHEALTH,Accuracy,0.5970149253731343
MHEALTH,Accuracy,0.6492537313432836
MHEALTH,Accuracy,0.6940298507462687
MHEALTH,Accuracy,0.6865671641791045
MHEALTH,Accuracy,0.6865671641791045
MHEALTH,Accuracy,0.582089552238806
MHEALTH,Accuracy,0.6268656716417911
MHEALTH,Accuracy,0.7164179104477612
MHEALTH,Accuracy,0.6865671641791045
MHEALTH,Accuracy,0.6492537313432836
MHEALTH,Accuracy,0.5970149253731343
MHEALTH,Accuracy,0.6044776119402985
MHEALTH,Accuracy,0.6940298507462687
MHEALTH,Accuracy,0.7014925373134329
MHEALTH,Accuracy,0.6567164179104478
MHEALTH,Accuracy,0.6865671641791045
MHEALTH,Accuracy,0.6940298507462687
MHEALTH,Accuracy,0.6940298507462687
MHEALTH,Accuracy,0.6567164179104478
MHEALTH,Accuracy,0.6268656716417911
MHEALTH,Accuracy,0.6417910447761194
MHEALTH,Accuracy,0.5970149253731343
MHEALTH,Accuracy,0.6865671641791045
MHEALTH,Accuracy,0.6865671641791045
MHEALTH,Accuracy,0.7313432835820896
MHEALTH,Accuracy,0.6567164179104478
MHEALTH,Accuracy,0.6865671641791045
MHEALTH,Accuracy,0.664179104477612
MHEALTH,Accuracy,0.7164179104477612
MHEALTH,Accuracy,0.664179104477612
MHEALTH,Accuracy,0.6194029850746269
MHEALTH,Accuracy,0.6567164179104478
MHEALTH,Accuracy,0.6791044776119403
MHEALTH,Accuracy,0.6791044776119403
MHEALTH,Accuracy,0.6343283582089553
MHEALTH,Accuracy,0.6417910447761194
MHEALTH,Accuracy,0.6716417910447762
MHEALTH,Accuracy,0.6492537313432836
MHEALTH,Accuracy,0.6492537313432836
MHEALTH,Accuracy,0.6417910447761194
MHEALTH,Accuracy,0.6268656716417911
MHEALTH,Accuracy,0.6044776119402985
MHEALTH,Accuracy,0.664179104477612
MHEALTH,Accuracy,0.6567164179104478
MHEALTH,Accuracy,0.7238805970149254
MHEALTH,Accuracy,0.6492537313432836
MHEALTH,Accuracy,0.6865671641791045
MHEALTH,Accuracy,0.746268656716418
MHEALTH,Accuracy,0.6940298507462687
MHEALTH,Accuracy,0.6417910447761194
MHEALTH,Accuracy,0.6492537313432836
MHEALTH,Recall,0.6408182095682096
MHEALTH,Recall,0.6926252124781537
MHEALTH,Recall,0.639842896636375
MHEALTH,Recall,0.6454498230814021
MHEALTH,Recall,0.6397480991230992
MHEALTH,Recall,0.5919061262811263
MHEALTH,Recall,0.6283047562459326
MHEALTH,Recall,0.6982438313320666
MHEALTH,Recall,0.6799100205350205
MHEALTH,Recall,0.6621532463637726
MHEALTH,Recall,0.6414744977244977
MHEALTH,Recall,0.6296402671402671
MHEALTH,Recall,0.5755225166989872
MHEALTH,Recall,0.609692969067969
MHEALTH,Recall,0.6176046176046176
MHEALTH,Recall,0.6297739297739299
MHEALTH,Recall,0.6692612942612942
MHEALTH,Recall,0.6207084582084582
MHEALTH,Recall,0.618958818958819
MHEALTH,Recall,0.736025521319639
MHEALTH,Recall,0.6237447737447738
MHEALTH,Recall,0.5761258417508418
MHEALTH,Recall,0.6660508268964151
MHEALTH,Recall,0.6919191919191919
MHEALTH,Recall,0.6678838522588523
MHEALTH,Recall,0.6472817623552919
MHEALTH,Recall,0.6664446664446665
MHEALTH,Recall,0.6990425560278503
MHEALTH,Recall,0.63317674291939
MHEALTH,Recall,0.5750982813482813
MHEALTH,Recall,0.5754809120617944
MHEALTH,Recall,0.6901596089096089
MHEALTH,Recall,0.553392094017094
MHEALTH,Recall,0.6108666116019057
MHEALTH,Recall,0.7034813498048793
MHEALTH,Recall,0.7122344023079318
MHEALTH,Recall,0.4882964257964258
MHEALTH,Recall,0.6643639040697865
MHEALTH,Recall,0.6063367188367189
MHEALTH,Recall,0.6666061947311948
MHEALTH,Recall,0.5996165871165872
MHEALTH,Recall,0.6834450271950271
MHEALTH,Recall,0.6688492063492063
MHEALTH,Recall,0.6711145064086241
MHEALTH,Recall,0.5976938502673798
MHEALTH,Recall,0.6247934527346293
MHEALTH,Recall,0.5883490896358544
MHEALTH,Recall,0.6230450105450106
MHEALTH,Recall,0.5598590067340068
MHEALTH,Recall,0.5833625116713352
MHEALTH,Recall,0.626449938949939
MHEALTH,Recall,0.6378596443813834
MHEALTH,Recall,0.6864027176527175
MHEALTH,Recall,0.6658234126984127
MHEALTH,Recall,0.551348007869747
MHEALTH,Recall,0.6403769841269841
MHEALTH,Recall,0.6857736150015561
MHEALTH,Recall,0.6502849002849003
MHEALTH,Recall,0.6120067432567433
MHEALTH,Recall,0.5752381877381878
MHEALTH,Recall,0.57492784992785
MHEALTH,Recall,0.6689407814407814
MHEALTH,Recall,0.7316176470588235
MHEALTH,Recall,0.645180167055167
MHEALTH,Recall,0.6304563492063492
MHEALTH,Recall,0.6320376382876383
MHEALTH,Recall,0.6699555074555074
MHEALTH,Recall,0.5918878575128576
MHEALTH,Recall,0.5958986547221841
MHEALTH,Recall,0.6297896547896548
MHEALTH,Recall,0.5973304473304474
MHEALTH,Recall,0.6800144300144298
MHEALTH,Recall,0.668285187035187
MHEALTH,Recall,0.719243487993488
MHEALTH,Recall,0.5895997793056617
MHEALTH,Recall,0.6783514415867358
MHEALTH,Recall,0.6952955541190836
MHEALTH,Recall,0.6738330200501252
MHEALTH,Recall,0.6373877076082959
MHEALTH,Recall,0.6158938283938284
MHEALTH,Recall,0.6520412457912458
MHEALTH,Recall,0.6351655654287234
MHEALTH,Recall,0.6404234654234654
MHEALTH,Recall,0.6094095719095719
MHEALTH,Recall,0.621535409035409
MHEALTH,Recall,0.6353159571909572
MHEALTH,Recall,0.5987219955969956
MHEALTH,Recall,0.6309683372183373
MHEALTH,Recall,0.6258651071151071
MHEALTH,Recall,0.6076513764013765
MHEALTH,Recall,0.5686507936507935
MHEALTH,Recall,0.6195350945350945
MHEALTH,Recall,0.6226280663780664
MHEALTH,Recall,0.6862418466036887
MHEALTH,Recall,0.5976725820475821
MHEALTH,Recall,0.6983363858363859
MHEALTH,Recall,0.6986693861693861
MHEALTH,Recall,0.6397630147630148
MHEALTH,Recall,0.6662069412069412
MHEALTH,Recall,0.6497087471352178
MHEALTH,Macro F1 score,0.6409129978756349
MHEALTH,Macro F1 score,0.6955235502461891
MHEALTH,Macro F1 score,0.6289632460959635
MHEALTH,Macro F1 score,0.6298395191409897
MHEALTH,Macro F1 score,0.6382003485656237
MHEALTH,Macro F1 score,0.5865830928330928
MHEALTH,Macro F1 score,0.6301773111435206
MHEALTH,Macro F1 score,0.7104217273954115
MHEALTH,Macro F1 score,0.6934696796722585
MHEALTH,Macro F1 score,0.6420752969379973
MHEALTH,Macro F1 score,0.6555130502711147
MHEALTH,Macro F1 score,0.63875
MHEALTH,Macro F1 score,0.5650735018331409
MHEALTH,Macro F1 score,0.6099728560063628
MHEALTH,Macro F1 score,0.5987459767623001
MHEALTH,Macro F1 score,0.6373240981439906
MHEALTH,Macro F1 score,0.6800676295839009
MHEALTH,Macro F1 score,0.6382173966119221
MHEALTH,Macro F1 score,0.6369632307537813
MHEALTH,Macro F1 score,0.7416873522679047
MHEALTH,Macro F1 score,0.6342394179894181
MHEALTH,Macro F1 score,0.5604368493115296
MHEALTH,Macro F1 score,0.6486119308582478
MHEALTH,Macro F1 score,0.6881689156412091
MHEALTH,Macro F1 score,0.6304005571852697
MHEALTH,Macro F1 score,0.6514997665732961
MHEALTH,Macro F1 score,0.662124529840343
MHEALTH,Macro F1 score,0.6908552390821782
MHEALTH,Macro F1 score,0.6206926719420472
MHEALTH,Macro F1 score,0.5716528640441685
MHEALTH,Macro F1 score,0.5835552955275988
MHEALTH,Macro F1 score,0.6848319132558264
MHEALTH,Macro F1 score,0.5561554588977525
MHEALTH,Macro F1 score,0.5859590837795802
MHEALTH,Macro F1 score,0.7159135518006486
MHEALTH,Macro F1 score,0.6983249790687983
MHEALTH,Macro F1 score,0.49687821813601035
MHEALTH,Macro F1 score,0.6723144415812786
MHEALTH,Macro F1 score,0.6053415156156384
MHEALTH,Macro F1 score,0.6618728893129193
MHEALTH,Macro F1 score,0.5998693499751544
MHEALTH,Macro F1 score,0.6745433935079244
MHEALTH,Macro F1 score,0.6811095578101188
MHEALTH,Macro F1 score,0.6763133986964089
MHEALTH,Macro F1 score,0.6007941878909621
MHEALTH,Macro F1 score,0.6344794863232424
MHEALTH,Macro F1 score,0.5588325849129657
MHEALTH,Macro F1 score,0.6072679981746246
MHEALTH,Macro F1 score,0.5755680567441319
MHEALTH,Macro F1 score,0.5893258060852505
MHEALTH,Macro F1 score,0.6348107160973693
MHEALTH,Macro F1 score,0.6389947511450712
MHEALTH,Macro F1 score,0.7123511455864397
MHEALTH,Macro F1 score,0.695631695266253
MHEALTH,Macro F1 score,0.549112103821573
MHEALTH,Macro F1 score,0.6515876099209433
MHEALTH,Macro F1 score,0.7063118625845486
MHEALTH,Macro F1 score,0.642810082823066
MHEALTH,Macro F1 score,0.6138684712925699
MHEALTH,Macro F1 score,0.5876108632914442
MHEALTH,Macro F1 score,0.5648885196081992
MHEALTH,Macro F1 score,0.6680829639162972
MHEALTH,Macro F1 score,0.7253606040117195
MHEALTH,Macro F1 score,0.6406882563733679
MHEALTH,Macro F1 score,0.6480944454226363
MHEALTH,Macro F1 score,0.6227117666631782
MHEALTH,Macro F1 score,0.6690455811142527
MHEALTH,Macro F1 score,0.6055862956568854
MHEALTH,Macro F1 score,0.598053879924499
MHEALTH,Macro F1 score,0.6180581544358634
MHEALTH,Macro F1 score,0.6196649029982364
MHEALTH,Macro F1 score,0.6669099230146832
MHEALTH,Macro F1 score,0.669514953504847
MHEALTH,Macro F1 score,0.7199956674589028
MHEALTH,Macro F1 score,0.591494752638929
MHEALTH,Macro F1 score,0.6565363922475992
MHEALTH,Macro F1 score,0.6943291936237274
MHEALTH,Macro F1 score,0.6651098884420744
MHEALTH,Macro F1 score,0.6376406544694112
MHEALTH,Macro F1 score,0.626619052460911
MHEALTH,Macro F1 score,0.6482370356592202
MHEALTH,Macro F1 score,0.6300268682052362
MHEALTH,Macro F1 score,0.6323524905046645
MHEALTH,Macro F1 score,0.6123726716896222
MHEALTH,Macro F1 score,0.6223090201173722
MHEALTH,Macro F1 score,0.6358074433679094
MHEALTH,Macro F1 score,0.5935708890569744
MHEALTH,Macro F1 score,0.6513437382954926
MHEALTH,Macro F1 score,0.6062481579722959
MHEALTH,Macro F1 score,0.6238179088702384
MHEALTH,Macro F1 score,0.5669023393746772
MHEALTH,Macro F1 score,0.6157809458248055
MHEALTH,Macro F1 score,0.6273047673909743
MHEALTH,Macro F1 score,0.6649045703606327
MHEALTH,Macro F1 score,0.6106441132303202
MHEALTH,Macro F1 score,0.6877210480151658
MHEALTH,Macro F1 score,0.6881044136036677
MHEALTH,Macro F1 score,0.6638129985333511
MHEALTH,Macro F1 score,0.6664884228545219
MHEALTH,Macro F1 score,0.628743218217323
